<configs>

<append xpath="/recipes">

	<recipe name="rilesDecorations" count="1" material_based="true" craft_time="25" craft_area="forge" tags="perkAdvancedEngineering">
		<ingredient name="unit_iron" count="10"/>
		<ingredient name="unit_clay" count="100"/>
		<effect_group>
			<passive_effect name="CraftingIngredientCount" operation="perc_add" level="0,1,2,3,4" value=".25,.25,.25,.177,.12" tags="unit_clay,unit_iron"/>
		</effect_group>
	</recipe>
	
	<recipe name="rilesDecorationsPlasticPlants" count="1" craft_time="10" craft_area="workbench">
		<ingredient name="resourceWood" count="1"/>
		<ingredient name="resourceScrapPolymers" count="5"/>
	</recipe>

</append>

</configs>