<riles_fixes>
<!--...........................Version 1.04 fixes...........................-->
<append xpath="/items">
	<item name="resourceTire">
		<property name="CustomIcon" value="decoCarTireFlat"/>
		<property name="DescriptionKey" value="resourceTireDesc"/>
		<property name="HoldType" value="45"/>
		<property name="Tags" value="junk"/>
		<property name="Meshfile" value="#Other/Items?Misc/sackPrefab.prefab"/>
		<property name="DropMeshfile" value="#Other/Items?Misc/sack_droppedPrefab.prefab"/>
		<property name="Material" value="MresourceScrapPolymers"/>
		<property name="Stacknumber" value="50"/> 
		<property name="EconomicValue" value="32"/>
		<property name="Group" value="Resources"/>
		<property name="CraftingIngredientTime" value="2"/>
		<property name="UnlockedBy" value="perkGreaseMonkey,vehicleAnySchematic"/>
	</item>
</append>

<append xpath="/items/item[@name='vehicleBicycleChassisSchematic']/effect_group">
	<triggered_effect trigger="onSelfPrimaryActionEnd" action="ModifyCVar" cvar="resourceTire" operation="set" value="1"/>
</append>
<append xpath="/items/item[@name='vehicleBicycleHandlebarsSchematic']/effect_group">
	<triggered_effect trigger="onSelfPrimaryActionEnd" action="ModifyCVar" cvar="resourceTire" operation="set" value="1"/>
</append>
<append xpath="/items/item[@name='vehicleMinibikeChassisSchematic']/effect_group">
	<triggered_effect trigger="onSelfPrimaryActionEnd" action="ModifyCVar" cvar="resourceTire" operation="set" value="1"/>
</append>
<append xpath="/items/item[@name='vehicleMinibikeHandlebarsSchematic']/effect_group">
	<triggered_effect trigger="onSelfPrimaryActionEnd" action="ModifyCVar" cvar="resourceTire" operation="set" value="1"/>
</append>
<append xpath="/items/item[@name='vehicleMotorcycleChassisSchematic']/effect_group">
	<triggered_effect trigger="onSelfPrimaryActionEnd" action="ModifyCVar" cvar="resourceTire" operation="set" value="1"/>
</append>
<append xpath="/items/item[@name='vehicleMotorcycleHandlebarsSchematic']/effect_group">
	<triggered_effect trigger="onSelfPrimaryActionEnd" action="ModifyCVar" cvar="resourceTire" operation="set" value="1"/>
</append>
<append xpath="/items/item[@name='vehicle4x4TruckChassisSchematic']/effect_group">
	<triggered_effect trigger="onSelfPrimaryActionEnd" action="ModifyCVar" cvar="resourceTire" operation="set" value="1"/>
</append>
<append xpath="/items/item[@name='vehicle4x4TruckAccessoriesSchematic']/effect_group">
	<triggered_effect trigger="onSelfPrimaryActionEnd" action="ModifyCVar" cvar="resourceTire" operation="set" value="1"/>
</append>
<append xpath="/items/item[@name='vehicleGyroCopterChassisSchematic']/effect_group">
	<triggered_effect trigger="onSelfPrimaryActionEnd" action="ModifyCVar" cvar="resourceTire" operation="set" value="1"/>
</append>
<append xpath="/items/item[@name='vehicleGyroCopterAccessoriesSchematic']/effect_group">
	<triggered_effect trigger="onSelfPrimaryActionEnd" action="ModifyCVar" cvar="resourceTire" operation="set" value="1"/>
</append>


<append xpath="/items">
	<item name="resourceTireBundle">
		<property name="DescriptionKey" value="resourceTireBundleDesc"/>
		<property name="Extends" value="resourceRockSmallBundle"/>
		<property name="CustomIcon" value="decoCarTireStack"/>
		<property class="Action0">
			<property name="Create_item" value="resourceTire"/>
			<property name="Create_item_count" value="3"/>
		</property>
	</item>
</append>













<!--...........................Version 1.03 fixes...........................-->
<!--...........................Version 1.02 fixes...........................-->
<!--...........................Version 1.01 fixes...........................-->
<!--...........................Version 1.00 fixes...........................-->
<append xpath="/items">
	<item name="resourceClayLumpBundle">
		<property name="DescriptionKey" value="resourceClayLumpBundleDesc"/>
		<property name="Extends" value="resourceRockSmallBundle"/>
		<property name="CustomIcon" value="resourceClayLump"/>
		<property class="Action0">
			<property name="Create_item" value="resourceClayLump"/>
			<property name="Create_item_count" value="6000"/>
		</property>
	</item>
</append>
<append xpath="/items/item[@name='meleeToolFlashlight02']">
	<property name="Stacknumber" value="50"/> <!-- STK torch -->
</append>



</riles_fixes>