<configs>
<!--
<property name="Texture" value="310"/>

-->
  <append xpath="/blocks">
    <block name="SteelNoUpgradeMaster">
    	<property name="Group" value="Building,advBuilding"/>
    	<property name="DisplayType" value="blockHardened"/>
      <property name="Material" value="Msteel"/>
    	<property name="Texture" value="307"/>
    	<property name="DescriptionKey" value="scrapIronGroupDesc"/>
    	<!-- <property name="ImposterExchange" value="imposterBlock" param1="87"/> -->
    	<property name="CreativeMode" value="None"/>
    	<property class="RepairItems"> <property name="resourceForgedSteel" value="1"/> </property>
    	<drop event="Harvest" name="resourceScrapIron" count="17" tag="allHarvest"/>
    	<drop event="Destroy" count="0"/>
    	<drop event="Fall" name="scrapMetalPile" count="1" prob="0.75" stick_chance="1"/>
    	<property name="EconomicValue" value="20"/>
    	<property name="FilterTags" value="fbuilding,firon"/>
    	<property name="SortOrder1" value="40e0"/>
    	<property name="SortOrder2" value="0002"/>
      <property name="Map.Color" value="255,255,0"/>
      <property name="RandomTintColor1" value="255,255,0" /> 
    </block>
    
    <block name="Steel Trussing Sheet">
      <property name="Extends" value="SteelNoUpgradeMaster"/>
      <property name="CustomIcon" value="metalTrussingSheet"/>
      <property name="CustomIconTint" value="ffff00"/>
    	<property name="Shape" value="New"/>
    	<property name="LightOpacity" value="0"/>
    	<property name="Model" value="billboard"/>
    	<property name="Collide" value="movement,melee,rocket"/>
    	<property name="SortOrder2" value="0703"/> <!-- SortShape -->
    	<property name="Place" value="TowardsPlacerInverted"/>
    	<property name="Mesh" value="cutout"/>
      <property name="Texture" value="310"/>
    	<property name="Collide" value="movement,melee,rocket"/> <!-- -rocket -->
    	<property name="SortOrder1" value="40e0"/>
    	<drop event="Fall" count="0" prob="0"/>
    </block>
  </append>
  
</configs>