<configs>

  <append xpath="/blocks/block[@name='porchLight01']">
    <drop event="Harvest" name="porchLight01_player" count="1" prob=".6" tag="salvageHarvest"/>
  </append>

  <append xpath="/blocks">
    <block name="porchLight01_player">
    	<property name="DescriptionKey" value="lightPOIGroupDesc"/>
    	<property name="Material" value="Mmetal_thin"/>
    	<property name="StabilitySupport" value="false"/> 
    	<property name="Shape" value="ModelEntity"/>
    	<property name="Light" value="0.5"/>
    	<property name="Collide" value="melee,bullet,arrow,rocket"/>
    	<property name="Model" value="Entities/Lighting/porchLight01Prefab"/>
      <property name="HandleFace" value="West"/>
    	<property name="ImposterDontBlock" value="true"/>
    	<property class="RepairItems"> <property name="resourceForgedIron" value="1"/> <property name="resourceElectricParts" value="3"/> </property>
    	<drop event="Harvest" name="terrStone" count="0" tool_category="Disassemble"/>
    	<drop event="Harvest" name="resourceElectricParts" count="1,4" tag="salvageHarvest"/> 
    	<drop event="Destroy" name="resourceScrapIron" count="5" prob="1"/>
    	<drop event="Fall" name="scrapMetalPile" count="1" prob="0.75" stick_chance="1"/>
    	<property name="Group" value="Science"/>
    	<property name="EconomicValue" value="76"/>
    	<property name="FilterTags" value="fdecor,felectrical"/>
    	<property name="SortOrder1" value="70a0"/>
      
      <property name="CustomIcon" value="ceilingLight01"/>
      <property name="CustomIconTint" value="73b504"/>
      <property name="TakeDelay" value="5"/>
      <property name="RuntimeSwitch" value="true"/>
      <property name="Class" value="PoweredLight"/>
      <property name="CanPickup" value="true" />
      <property name="CreativeMode" value="Player"/>
    </block>
  </append>

  <append xpath="/blocks/block[@name='porchLight04']">
    <drop event="Harvest" name="porchLight04_player" count="1" prob=".6" tag="salvageHarvest"/>
  </append>
  <append xpath="/blocks">
    <block name="porchLight04_player">
      <property name="Extends" value="porchLight01"/>
      <property name="Model" value="Entities/Lighting/porchLight04Prefab"/>

      <property name="CustomIcon" value="ceilingLight01"/>
      <property name="CustomIconTint" value="73b504"/>      
      <property name="TakeDelay" value="5"/>
      <property name="RuntimeSwitch" value="true"/>
      <property name="Class" value="PoweredLight"/>
      <property name="CanPickup" value="true" />
      <property name="CreativeMode" value="Player"/>      
    </block>
  </append>
  
  <append xpath="/blocks/block[@name='porchLight04Brass']">
    <drop event="Harvest" name="porchLight04Brass_player" count="1" prob=".6" tag="salvageHarvest"/>
  </append>
  <append xpath="/blocks">
    <block name="porchLight04Brass_player">
      <property name="Extends" value="porchLight01"/>
    	<property name="CreativeMode" value="Dev"/>
    	<property name="Model" value="Entities/Lighting/porchLight04BrassPrefab"/>
    	<drop event="Destroy" name="resourceScrapBrass" count="10,30" prob="1"/>

      <property name="CustomIcon" value="ceilingLight01"/>
      <property name="CustomIconTint" value="73b504"/>          
      <property name="RuntimeSwitch" value="true"/>
      <property name="Class" value="PoweredLight"/>
      <property name="TakeDelay" value="5"/>
      <property name="CanPickup" value="true" />
      <property name="CreativeMode" value="Player"/>      
    </block>
  </append>
  
  <append xpath="/blocks/block[@name='ceilingLight01']">
    <drop event="Harvest" name="ceilingLight01_player" count="1" prob=".6" tag="salvageHarvest"/>
  </append>
  
  
  <append xpath="/blocks/block[@name='ceilingLight02']">
    <drop event="Harvest" name="ceilingLight02_player" count="1" prob=".6" tag="salvageHarvest"/>
  </append>
  <append xpath="/blocks">
    <block name="ceilingLight02_player">
      <property name="Extends" value="porchLight01"/>
      <property name="Model" value="Entities/Lighting/ceilingLight02Prefab"/>
      <property name="HandleFace" value="Top"/>

      <property name="CustomIcon" value="ceilingLight01"/>
      <property name="CustomIconTint" value="73b504"/>          
      <property name="RuntimeSwitch" value="true"/>
      <property name="Class" value="PoweredLight"/>
      <property name="CanPickup" value="true" />
      <property name="CreativeMode" value="Player"/>
    </block>
  </append>
  
  
  <append xpath="/blocks/block[@name='ceilingLight02Brass']">
    <drop event="Harvest" name="ceilingLight02Brass_player" count="1" prob=".6" tag="salvageHarvest"/>
  </append>
  <append xpath="/blocks">
    <block name="ceilingLight02Brass_player">
      <property name="Extends" value="porchLight04Brass"/>
    	<property name="Model" value="Entities/Lighting/ceilingLight02BrassPrefab"/>
      <property name="HandleFace" value="Top"/>

      <property name="CustomIcon" value="ceilingLight01"/>
      <property name="CustomIconTint" value="73b504"/>          
      <property name="RuntimeSwitch" value="true"/>
      <property name="Class" value="PoweredLight"/>
      <property name="CanPickup" value="true" />
      <property name="CreativeMode" value="Player"/>
    </block>
  </append>
  
  
  <append xpath="/blocks/block[@name='ceilingLight04']">
    <drop event="Harvest" name="ceilingLight04_player" count="1" prob=".6" tag="salvageHarvest"/>
  </append>
  <append xpath="/blocks">
    <block name="ceilingLight04_player">
      <property name="Extends" value="porchLight01"/>
    	<property name="Model" value="Entities/Lighting/ceilingLight04Prefab"/>
      <property name="HandleFace" value="Top"/>

      <property name="CustomIcon" value="ceilingLight01"/>
      <property name="CustomIconTint" value="73b504"/>          
      <property name="RuntimeSwitch" value="true"/>
      <property name="Class" value="PoweredLight"/>
      <property name="CanPickup" value="true" />
      <property name="CreativeMode" value="Player"/>
    </block>
  </append>
  
  
  <append xpath="/blocks/block[@name='ceilingLight05']">
    <drop event="Harvest" name="ceilingLight05_player" count="1" prob=".6" tag="salvageHarvest"/>
  </append>
  <append xpath="/blocks">
    <block name="ceilingLight05_player">
      <property name="Extends" value="porchLight01"/>
    	<property name="Model" value="Entities/Lighting/ceilingLight05Prefab"/>
      <property name="HandleFace" value="Top"/>

      <property name="CustomIcon" value="ceilingLight01"/>
      <property name="CustomIconTint" value="73b504"/>          
      <property name="RuntimeSwitch" value="true"/>
      <property name="Class" value="PoweredLight"/>
      <property name="CanPickup" value="true" />
      <property name="CreativeMode" value="Player"/>
    </block>
  </append>
  
  
  <append xpath="/blocks/block[@name='ceilingLight05Brass']">
    <drop event="Harvest" name="ceilingLight05Brass_player" count="1" prob=".6" tag="salvageHarvest"/>
  </append>
  <append xpath="/blocks">
    <block name="ceilingLight05Brass_player">
      <property name="Extends" value="porchLight04Brass"/>
    	<property name="Model" value="Entities/Lighting/ceilingLight05BrassPrefab"/>
      <property name="HandleFace" value="Top"/>

      <property name="CustomIcon" value="ceilingLight01"/>
      <property name="CustomIconTint" value="73b504"/>          
      <property name="RuntimeSwitch" value="true"/>
      <property name="Class" value="PoweredLight"/>
      <property name="CanPickup" value="true" />
      <property name="CreativeMode" value="Player"/>
    </block>
  </append>
  
  
  <append xpath="/blocks/block[@name='wallLight01']">
    <drop event="Harvest" name="wallLight01_player" count="1" tag="salvageHarvest"/>
  </append>
  <append xpath="/blocks">
    <block name="wallLight01_player">
      <property name="Extends" value="porchLight01"/>
    	<property name="Model" value="Entities/Lighting/wall_light01Prefab"/>
      <property name="HandleFace" value="South"/>

      <property name="CustomIcon" value="ceilingLight01"/>
      <property name="CustomIconTint" value="73b504"/>         
      <property name="RuntimeSwitch" value="true"/>
      <property name="Class" value="PoweredLight"/>
      <property name="Light" value="5" />
      <property name="CreativeMode" value="Player"/>
    </block>
  </append>
  
  
  <append xpath="/blocks/block[@name='ceilingLight07']">
    <drop event="Harvest" name="ceilingLight07_player" count="1" prob=".6" tag="salvageHarvest"/>
  </append>
  
  
  <append xpath="/blocks/block[@name='streetLight01']">
    <drop event="Harvest" name="streetLight01_player" count="1" prob=".6" tag="salvageHarvest"/>
  </append>
  <append xpath="/blocks">
    <block name="streetLight01_player">
    	<property name="DescriptionKey" value="lightPOIGroupDesc"/>
    	<property name="Material" value="Mmetal"/>
    	<property name="StabilitySupport" value="false"/>
    	<property name="Shape" value="ModelEntity"/>
    	<property name="ImposterExchange" value="streetLightImposter"/>
    	<property name="Collide" value="movement,melee,bullet,arrow,rocket"/>
    	<property name="Model" value="Entities/Lighting/street_light01Prefab"/>
    	<property name="OnlySimpleRotations" value="true"/>
    	<drop event="Harvest" name="terrStone" count="0" tool_category="Disassemble"/>
    	<drop event="Harvest" name="resourceElectricParts" count="4,8" tag="salvageHarvest"/>
    	<drop event="Harvest" name="resourceForgedSteel" count="1,2" prob="1" tag="salvageHarvest"/>
    	<drop event="Destroy" name="resourceScrapIron" count="1,15"/>
    	<drop event="Fall" name="scrapMetalPile" count="1" prob="0.75" stick_chance="1"/>
    	<property name="TakeDelay" value="-1"/>
    	<property name="Group" value="Science"/>
    	<property name="FilterTags" value="fdecor,felectrical"/>
    	<property name="SortOrder1" value="70a0"/>

      <property name="CustomIcon" value="ceilingLight01"/>
      <property name="CustomIconTint" value="73b504"/>       
      <property name="RuntimeSwitch" value="true"/>
      <property name="Class" value="PoweredLight"/>
      <property name="CanPickup" value="true" />
      <property name="CreativeMode" value="Player"/>
    </block>
  </append>
  
  
  <append xpath="/blocks/block[@name='streetLightClassic']">
    <drop event="Harvest" name="streetLightClassic_player" count="1" prob=".6" tag="salvageHarvest"/>
  </append>
  <append xpath="/blocks">
    <block name="streetLightClassic_player">
      <property name="Extends" value="porchLight01" param1="HandleFace"/>
    	<property name="Model" value="Entities/Lighting/streetLamp_ClassicPrefab"/>
    	<property name="DisplayType" value="blockMulti"/>
    	<property name="MultiBlockDim" value="1,5,1"/>
    	<property name="Material" value="Mmetal"/>
    	<property name="Collide" value="movement,melee,bullet,arrow,rocket"/>
    	<property name="ImposterExchange" value="imposterDontBlockCTRPole" param1="169"/>
    	<property name="OnlySimpleRotations" value="true"/>
    	<property name="IsTerrainDecoration" value="true"/>
    	<drop event="Harvest" name="terrStone" count="0" tool_category="Disassemble"/>
    	<drop event="Harvest" name="resourceElectricParts" count="4,6" tag="salvageHarvest"/>
    	<drop event="Destroy" name="resourceScrapIron" count="1,15"/>

      <property name="CustomIcon" value="ceilingLight01"/>
      <property name="CustomIconTint" value="73b504"/>        
      <property name="RuntimeSwitch" value="true"/>
      <property name="Class" value="PoweredLight"/>
      <property name="CanPickup" value="true" />
      <property name="CreativeMode" value="Player"/>
    </block>
  </append>
  
  
  <append xpath="/blocks/block[@name='industrialLight01']">
    <drop event="Harvest" name="industrialLight01_player" count="1" prob=".6" tag="salvageHarvest"/>
  </append>
  <append xpath="/blocks/block[@name='industrialLight01_player']">
    <drop event="Harvest" name="industrialLight01_player" count="1" prob=".6" tag="salvageHarvest"/>
  </append> 
  
  
  <append xpath="/blocks/block[@name='sconce1Light']">
    <drop event="Harvest" name="sconce1Light_player" count="1" prob=".6" tag="salvageHarvest"/>
  </append>
  <append xpath="/blocks">
    <block name="sconce1Light_player">
      <property name="Extends" value="porchLight01"/>
    	<property name="Model" value="Entities/Lighting/sconce_1_Prefab"/>

      <property name="CustomIcon" value="ceilingLight01"/>
      <property name="CustomIconTint" value="73b504"/>        
      <property name="RuntimeSwitch" value="true"/>
      <property name="Class" value="PoweredLight"/>
      <property name="CanPickup" value="true" />
      <property name="CreativeMode" value="Player"/>
    </block>
  </append>
  
  
  <append xpath="/blocks/block[@name='sconce1LightShadow']">
    <drop event="Harvest" name="sconce1LightShadow_player" count="1" prob=".6" tag="salvageHarvest"/>
  </append>
  <append xpath="/blocks">
    <block name="sconce1LightShadow_player">
      <property name="Extends" value="porchLight01"/>
    	<property name="CustomIcon" value="sconce1Light"/>
    	<property name="Model" value="Entities/Lighting/sconce_1_ShadowPrefab"/>
      
      <property name="CustomIconTint" value="73b504"/>        
      <property name="RuntimeSwitch" value="true"/>
      <property name="Class" value="PoweredLight"/>
      <property name="CanPickup" value="true" />
      <property name="CreativeMode" value="Player"/>
    </block>
  </append>
  
  <append xpath="/blocks/block[@name='signExitLight']">
    <drop event="Harvest" name="signExitLight_player" count="1" prob=".6" tag="salvageHarvest"/>
  </append>

  
  <append xpath="/blocks/block[@name='lanternDecorLight']">
    <drop event="Harvest" name="lanternDecorLight_player" count="1" prob=".6" tag="salvageHarvest"/>
  </append>
  <append xpath="/blocks">
    <block name="lanternDecorLight_player">
      <property name="Extends" value="porchLight01"/>
    	<property name="Model" value="Entities/Lighting/lanternDecorPrefab"/>

      <property name="CustomIcon" value="ceilingLight01"/>
      <property name="CustomIconTint" value="73b504"/>        
      <property name="RuntimeSwitch" value="true"/>
      <property name="Class" value="PoweredLight"/>
      <property name="CanPickup" value="true" />
      <property name="CreativeMode" value="Player"/>
    </block>
  </append>
  
  
  <append xpath="/blocks/block[@name='flashlightDecor']">
    <drop event="Harvest" name="flashlightDecor_player" count="1" prob=".6" tag="salvageHarvest"/>
  </append>
  <append xpath="/blocks">
    <block name="flashlightDecor_player">
      <property name="Extends" value="porchLight01"/>
    	<property name="Model" value="Entities/Lighting/flashlightDecorPrefab"/>
      <property name="HandleFace" value="Bottom"/>

      <property name="CustomIcon" value="ceilingLight01"/>
      <property name="CustomIconTint" value="73b504"/>        
      <property name="RuntimeSwitch" value="true"/>
      <property name="Class" value="PoweredLight"/>
      <property name="CanPickup" value="true" />
      <property name="CreativeMode" value="Player"/>
    </block>
  </append>
  
  
  <append xpath="/blocks/block[@name='industrialLight02']">
    <drop event="Harvest" name="industrialLight02_player" count="1" prob=".6" tag="salvageHarvest"/>
  </append>
  <append xpath="/blocks/block[@name='industrialLight02_player']">
    <drop event="Harvest" name="industrialLight02_player" count="1" prob=".6" tag="salvageHarvest"/>
  </append>  
  
  <append xpath="/blocks/block[@name='industrialLight02Red']">
    <drop event="Harvest" name="industrialLight02Red_player" count="1" prob=".6" tag="salvageHarvest"/>
  </append>
  <append xpath="/blocks">
    <block name="industrialLight02Red_player">
      <property name="Extends" value="porchLight01"/>
    	<property name="Model" value="Entities/Lighting/industrial_light_02_redPrefab"/>
      <property name="HandleFace" value="Top"/>

      <property name="CustomIcon" value="ceilingLight01"/>
      <property name="CustomIconTint" value="73b504"/>        
      <property name="RuntimeSwitch" value="true"/>
      <property name="Class" value="PoweredLight"/>
      <property name="CanPickup" value="true" />
      <property name="CreativeMode" value="Player"/>
    </block>
  </append>
  
  
  <append xpath="/blocks/block[@name='ceilingFanLight']">
    <drop event="Harvest" name="ceilingFanLight_player" count="1" prob=".6" tag="salvageHarvest"/>
  </append>
  <append xpath="/blocks">
    <block name="ceilingFanLight_player">
      <property name="Extends" value="porchLight01"/>
    	<property name="Path" value="solid"/>
    	<property name="Model" value="Entities/Lighting/ceiling_fanPrefab"/>
      <property name="HandleFace" value="Top"/>
    	<property class="RepairItems">
    		<property name="resourceForgedIron" value="1"/>
    		<property name="resourceElectricParts" value="3"/>
    		<property name="resourceMechanicalParts" value="2"/>
    	</property>
    	<drop event="Harvest" name="terrStone" count="0" tool_category="Disassemble"/>
    	<drop event="Harvest" name="resourceMechanicalParts" count="1,2" tag="salvageHarvest"/>

      <property name="CustomIcon" value="ceilingLight01"/>
      <property name="CustomIconTint" value="73b504"/>        
      <property name="RuntimeSwitch" value="true"/>
      <property name="Class" value="PoweredLight"/>
      <property name="CanPickup" value="true" />
      <property name="CreativeMode" value="Player"/>
    </block>
  </append>
  
  
  <append xpath="/blocks/block[@name='chandelierLight']">
    <drop event="Harvest" name="chandelierLight_player" count="1" prob=".6" tag="salvageHarvest"/>
  </append>
  <append xpath="/blocks">
    <block name="chandelierLight_player">
      <property name="Extends" value="streetLight01"/>
    	<property name="Model" value="Entities/Electrical/chandelierPrefab"/>
    	<property name="DisplayType" value="blockMulti"/>
    	<property name="MultiBlockDim" value="2,3,2"/>
    	<property name="ActivationDistance" value="6"/>
    	<property name="StabilitySupport" value="true"/>
    	<property name="Path" value="solid"/>
    	<property name="Group" value="Science,Decor/Miscellaneous"/>
    	<property name="FilterTags" value="fdecor,felectrical,fother,ffurniture"/>
      
      <property name="CustomIcon" value="ceilingLight01"/>
      <property name="CustomIconTint" value="73b504"/>        
      <property name="RuntimeSwitch" value="true"/>
      <property name="Class" value="PoweredLight"/>
      <property name="CanPickup" value="true" />
      <property name="CreativeMode" value="Player"/>
    </block>
  </append>
  
  
  <append xpath="/blocks/block[@name='candelabraLight']">
    <drop event="Harvest" name="candelabraLight_player" count="1" prob=".6" tag="salvageHarvest"/>
  </append>
  <append xpath="/blocks">
    <block name="candelabraLight_player">
      <property name="Extends" value="decoEntityMetalMaster" param1="Harvest"/>
    	<property name="Material" value="Mbrass"/>
    	<property name="MeltTimePerUnit" value=".4"/>
    	<property name="Weight" value="83"/>
    	<property name="DescriptionKey" value="lightPOIGroupDesc"/>
    	<property name="StabilitySupport" value="false"/>
    	<property name="Light" value="0.5"/>
    	<property name="Collide" value="melee,bullet,arrow,rocket"/>
    	<property name="Model" value="Entities/Furniture/candelabraPrefab"/>
    	<property name="ImposterDontBlock" value="true"/>
    	<property class="RepairItems"> <property name="resourceScrapBrass" value="50"/> </property>
    	<drop event="Harvest" name="terrStone" count="0" tool_category="Disassemble"/>
    	<drop event="Harvest" name="resourceScrapBrass" count="15,25" tag="salvageHarvest"/>
    	<drop event="Destroy" name="candle" count="1,3" prob="1"/>
    	<property name="TakeDelay" value="-1"/>
    	<property name="Group" value="Decor/Miscellaneous"/>
    	<property name="EconomicValue" value="76"/>
    	<property name="FilterTags" value="fdecor,fother,ffurniture"/>
    	<property name="SortOrder1" value="70a0"/>

      <property name="CustomIcon" value="ceilingLight01"/>
      <property name="CustomIconTint" value="73b504"/>        
      <property name="RuntimeSwitch" value="true"/>
      <property name="Class" value="PoweredLight"/>
      <property name="CanPickup" value="true" />
      <property name="CreativeMode" value="Player"/>
    </block>
  </append>
  
  
  <append xpath="/blocks/block[@name='endTableLamp']">
    <drop event="Harvest" name="endTableLamp_player" count="1" prob=".6" tag="salvageHarvest"/>
  </append>
  <append xpath="/blocks">
    <block name="endTableLamp_player">
      <property name="Extends" value="porchLight01" param1="HandleFace"/>
    	<property name="DescriptionKey" value="furnitureGroupDesc"/>
    	<property name="Stacknumber" value="3"/>
    	<property name="Path" value="solid"/>
    	<property name="Model" value="Entities/Lighting/end_table_lightPrefab"/>
    	<property name="Collide" value="movement,melee,bullet,arrow,rocket"/>
    	<property name="Group" value="Decor/Miscellaneous"/>

      <property name="CustomIcon" value="ceilingLight01"/>
      <property name="CustomIconTint" value="73b504"/>        
      <property name="RuntimeSwitch" value="true"/>
      <property name="Class" value="PoweredLight"/>
      <property name="CanPickup" value="true" />
      <property name="CreativeMode" value="Player"/>
    </block>
  </append>
  
  
  <append xpath="/blocks/block[@name='roadBarricadeLight']">
    <drop event="Harvest" name="roadBarricadeLight_player" count="1" prob=".6" tag="salvageHarvest"/>
  </append>
  <append xpath="/blocks">
    <block name="roadBarricadeLight_player">
      <property name="Extends" value="porchLight01" param1="HandleFace"/>
    	<property name="Material" value="Mmetal"/>
    	<property name="IsTerrainDecoration" value="true"/>
    	<property name="DisplayType" value="blockMulti"/>
    	<property name="MultiBlockDim" value="3,2,1"/>
    	<property name="OnlySimpleRotations" value="true"/>
    	<property name="Place" value="TowardsPlacerInverted"/>
    	<property name="Model" value="Entities/Signs/barricadePrefab"/>
    	<property name="Collide" value="melee,bullet,arrow,rocket,movement"/>
    	<drop event="Destroy" name="resourceScrapIron" count="3,12"/>
    	<property name="Group" value="Decor/Miscellaneous"/>
    	<property name="FilterTags" value="fdecor,fother,ffurniture,felectrical"/>
    	<property name="DescriptionKey" value="creativeMenuBlockGroupDesc"/>

      <property name="CustomIcon" value="ceilingLight01"/>
      <property name="CustomIconTint" value="73b504"/>        
      <property name="RuntimeSwitch" value="true"/>
      <property name="Class" value="PoweredLight"/>
      <property name="CanPickup" value="true" />
      <property name="CreativeMode" value="Player"/>
    </block>
  </append>
  
  
  <append xpath="/blocks/block[@name='deskLampLight']">
    <drop event="Harvest" name="deskLampLight_player" count="1" prob=".6" tag="salvageHarvest"/>
  </append>  
  <append xpath="/blocks">
    <block name="deskLampLight_player">
      <property name="Extends" value="porchLight04Brass" param1="HandleFace"/>
    	<property name="Model" value="Entities/Lighting/desk_lampPrefab"/>
    	<drop event="Destroy" name="resourceScrapBrass" count="8,18" prob="1"/>

      <property name="CustomIcon" value="ceilingLight01"/>
      <property name="CustomIconTint" value="73b504"/>        
      <property name="RuntimeSwitch" value="true"/>
      <property name="Class" value="PoweredLight"/>
      <property name="CanPickup" value="true" />
      <property name="CreativeMode" value="Player"/>
    </block>
  </append>
  
  
  <append xpath="/blocks/block[@name='tableLampLight']">
    <drop event="Harvest" name="tableLampLight_player" count="1" prob=".6" tag="salvageHarvest"/>
  </append>  
  <append xpath="/blocks">
    <block name="tableLampLight_player">
      <property name="Extends" value="porchLight01" param1="HandleFace"/>
    	<property name="Model" value="Entities/Lighting/table_lampPrefab"/>

      <property name="CustomIcon" value="ceilingLight01"/>
      <property name="CustomIconTint" value="73b504"/>        
      <property name="RuntimeSwitch" value="true"/>
      <property name="Class" value="PoweredLight"/>
      <property name="CanPickup" value="true" />
      <property name="CreativeMode" value="Player"/>
    </block>
  </append>
  
  
  <append xpath="/blocks/block[@name='tableLampTippedOverLight']">
    <drop event="Harvest" name="tableLampLight_player" count="1" prob=".6" tag="salvageHarvest"/>
  </append>
  
  
  <append xpath="/blocks/block[@name='workLightPOI']">
    <drop event="Harvest" name="workLightPOI_player" count="1" prob=".6" tag="salvageHarvest"/>
  </append>  
  <append xpath="/blocks">
    <block name="workLightPOI_player">
      <property name="Extends" value="porchLight01" param1="HandleFace"/>
    	<property name="Model" value="Entities/Lighting/work_lightPrefab"/>
    	<property name="DisplayType" value="blockMulti"/>
    	<property name="MultiBlockDim" value="1,2,1"/>
    	<property name="Collide" value="melee,bullet,arrow,rocket,movement"/>

      <property name="CustomIcon" value="ceilingLight01"/>
      <property name="CustomIconTint" value="73b504"/>        
      <property name="RuntimeSwitch" value="true"/>
      <property name="Class" value="PoweredLight"/>
      <property name="CanPickup" value="true" />
      <property name="CreativeMode" value="Player"/>
    </block>
  </append>
  
  
  <append xpath="/blocks/block[@name='spotlightNailedDownPOI']">
    <drop event="Harvest" name="spotlightNailedDownPOI_player" count="1" prob=".6" tag="salvageHarvest"/>
  </append> 
  <append xpath="/blocks">
    <block name="spotlightNailedDownPOI_player">
    	<property name="DescriptionKey" value="lightPOIGroupDesc"/>
    	<property name="Material" value="Mmetal"/>
    	<property name="Shape" value="ModelEntity"/>
    	<property name="Path" value="solid"/>
    	<property name="Model" value="Entities/Electrical/spotlightStaticPrefab"/>
    	<property name="Place" value="Spotlight"/>
    	<property name="ImposterDontBlock" value="true"/>
    	<property name="Collide" value="movement,melee,bullet,arrow,rocket"/>
    	<property name="IsTerrainDecoration" value="true"/>
    	<property class="RepairItems">
    		<property name="resourceElectricParts" value="6"/>
    		<property name="resourceScrapIron" value="40"/>
    	</property>
    	<drop event="Harvest" name="resourceScrapIron" count="24" tag="allHarvest"/>
    	<drop event="Harvest" name="terrStone" count="0" tool_category="Disassemble"/>
    	<drop event="Harvest" name="resourceScrapIron" count="20" tag="salvageHarvest"/>
    	<drop event="Harvest" name="resourceElectricParts" count="3" tag="salvageHarvest"/>
    	<drop event="Destroy" count="0"/>
    	<drop event="Fall" name="scrapMetalPile" count="1" prob="0.75" stick_chance="1"/>
    	<property name="TakeDelay" value="-1"/>
    	<property name="Group" value="Science"/>
    	<property name="FilterTags" value="fdecor,felectrical"/>
    	<property name="SortOrder1" value="70a0"/>
      
      <property name="CustomIcon" value="ceilingLight01"/>
      <property name="CustomIconTint" value="73b504"/>        
      <property name="RuntimeSwitch" value="true"/>
      <property name="Class" value="PoweredLight"/>
      <property name="CanPickup" value="true" />
      <property name="CreativeMode" value="Player"/>
    </block>
  </append> 
  
  
  <append xpath="/blocks/block[@name='spotlightPlayer']">
    <drop event="Harvest" name="spotlightPlayer_player" count="1" prob=".6" tag="salvageHarvest"/>
  </append>  
  <append xpath="/blocks">
    <block name="spotlightPlayer_player">
    	<property name="CustomIcon" value="spotlightNailedDownPOI"/>
    	<property name="DescriptionKey" value="lightPlayerGroupDesc"/>
    	<property name="UnlockedBy" value="perkAdvancedEngineering,spotlightPlayerSchematic"/>
    	<property name="Material" value="Mmetal"/>
    	<property name="Shape" value="ModelEntity"/>
    	<property name="Path" value="solid"/>
    	<property name="Model" value="Entities/Lighting/player_spotlightPrefab"/>
    	<property name="ImposterDontBlock" value="true"/>
    	<property name="Place" value="Spotlight"/>
    	<property class="RepairItems">
    		<property name="resourceElectricParts" value="6"/>
    		<property name="resourceScrapIron" value="40"/>
    	</property>
    	<drop event="Harvest" name="resourceScrapIron" count="24" tag="allHarvest"/>
    	<drop event="Harvest" name="terrStone" count="0" tool_category="Disassemble"/>
    	<drop event="Harvest" name="resourceScrapIron" count="20" tag="salvageHarvest"/>
    	<drop event="Harvest" name="resourceElectricParts" count="3" tag="salvageHarvest"/>
    	<drop event="Destroy" count="0"/>
    	<drop event="Fall" name="scrapMetalPile" count="1" prob="0.75" stick_chance="1"/>
    	<property name="OnlySimpleRotations" value="true"/>
    	<property name="IsTerrainDecoration" value="true"/>
    	<property name="EconomicValue" value="310"/>
    	<property name="Group" value="Science"/>
    	<property name="TakeDelay" value="10"/>
    	<property name="PickupJournalEntry" value="cameraTip"/>
    	<property name="FilterTags" value="fdecor,felectrical"/>
    	<property name="SortOrder1" value="70a0"/>
      
      <property name="CustomIconTint" value="73b504"/>        
      <property name="RuntimeSwitch" value="true"/>
      <property name="Class" value="PoweredLight"/>
      <property name="CanPickup" value="true" />
      <property name="CreativeMode" value="Player"/>
    </block>
  </append>
  
  
  <append xpath="/blocks/block[@name='candleTableLight']">
    <drop event="Harvest" name="candleTableLightPlayer" count="1" prob=".6" tag="salvageHarvest"/>
  </append>
  <append xpath="/blocks/block[@name='candleWallLight']">
    <drop event="Harvest" name="candleWallLightPlayer" count="1" prob=".6" tag="salvageHarvest"/>
  </append>
  <append xpath="/blocks/block[@name='wallTorchLight']">
    <drop event="Harvest" name="wallTorchLightPlayer" count="1" prob=".6" tag="salvageHarvest"/>
  </append>
  
  <append xpath="/blocks/block[@name='ceilingLight01_player']">
    <drop event="Harvest" name="ceilingLight01_player" count="1" prob=".6" tag="salvageHarvest"/>
  </append>  
  <append xpath="/blocks/block[@name='lanternLight_player']">
    <drop event="Harvest" name="lanternLight_player" count="1" prob=".6" tag="salvageHarvest"/>
  </append>  
 

  <append xpath="/blocks/block[@name='ceilingLight07_player']">
    <drop event="Harvest" name="ceilingLight07_player" count="1" prob=".6" tag="salvageHarvest"/>
  </append>  

</configs>