<configs>
  
  <append xpath="/items/item[@name='solarCell']">
    <property name="UnlockedBy" value="perkAdvancedEngineering,solarCellSchematic"/>
  </append>
  <append xpath="/items">
  <item name="solarCellSchematic">
  	<property name="Extends" value="schematicNoQualityMaster"/>
  	<property name="CreativeMode" value="Player"/>
  	<property name="CustomIcon" value="solarCell"/>
  	<property name="DescriptionKey" value="solarCellDesc"/>
  	<property name="Unlocks" value="solarCell"/>
  	<effect_group tiered="false">
  		<triggered_effect trigger="onSelfPrimaryActionEnd" action="ModifyCVar" cvar="solarCell" operation="set" value="1"/>
  		<triggered_effect trigger="onSelfPrimaryActionEnd" action="GiveExp" exp="50"/>
  	</effect_group>
  </item>
  </append>

</configs>