<configs>
	<append xpath="/blocks">
		<block name="questblock_toc_deschcrate_name">
			<property name="DescriptionKey" value="questblock_toc_deschcrate_desc"/>			
			<property name="CustomIcon" value="cntShippingCrateHero"/>
			<property name="CustomIconTint" value="ffffb3"/>
			<property name="Extends" value="cntShippingCrateHero"/>
			<property name="DowngradeBlock" value="+Deschain's Crate"/>
			<property name="FilterTags" value="floot"/>
		</block>	
		<block name="+Deschain's Crate">
			<property name="CustomIcon" value="cntCardboardBox"/>
			<property name="CustomIconTint" value="333333"/>
			<property name="Extends" value="cntGarageStorage"/>
			<property name="LootList" value="358"/>
		</block>	
	</append>	
</configs>	
	
