<configs>
	<append xpath="lootcontainers">
		<lootcontainer id="358" count="3,5" size="5,2" sound_open="UseActions/open_garbage" sound_close="UseActions/close_garbage" loot_quality_template="qualBaseTemplate" destroy_on_close="true">
			<item group="modMeleeT2" count="0,1" prob="0.5"/>
			
			<item name="crafteditem_toc_45lcsilver_name" count="12,96"/>
			<item name="crafteditem_toc_45lcgold_name" count="6,48"/>

			<item group="perkBooks" count="1,2" prob="0.7"/>
			<item group="groupTreasureMaps" count="0,1" prob="0.1"/>
		</lootcontainer>
	</append>
	
	<insertAfter xpath="/lootcontainers/lootgroup[@name='empty']" >
		<lootgroup name="groupBooksDarkTower">
			<item name="item_toc_desc_book1_name"/>
			<item name="item_toc_desc_book2_name" prob=".25"/>
			<item name="item_toc_desc_book3_name" prob=".25"/>
			<item name="item_toc_desc_book4_name" prob=".25"/>
			<item name="item_toc_desc_book5_name" prob=".25"/>
			<item name="item_toc_desc_book6_name" prob=".25"/>
			<item name="item_toc_desc_book7_name" prob=".25"/>
			<item name="item_toc_desc_book8_name" prob=".1" />
		</lootgroup>
	</insertAfter>
			
	<append xpath="/lootcontainers/lootgroup[@name='ToCBooks']">
		<item group="groupBooksDarkTower" count="1" prob="12"/>
	</append>
</configs>	