<configs>
	<append xpath="/recipes"> 

		<recipe name="vetquestitem_toc_qwikcrete_name" count="1" craft_time = "1" craft_exp_gain="0" >
			<ingredient name="questitem_toc_veterancard_name" count="1"/>
		</recipe>
		<recipe name="vetquestwrit_toc_qwikcrete_name" count="1" craft_time = "90" craft_exp_gain="5000" >
			<ingredient name="resourceBone" count="100"/>
			<ingredient name="resourcePaper" count="1"/>
		</recipe>	

    <recipe name="questblock_toc_qwikcrete_name" count="1" craft_area="cementMixer" tags="cementMixerCrafting">
    	<ingredient name="resourceConcreteMix" count="10"/>
      <ingredient name="resourceBone" count="2"/>
    </recipe>
    
		<recipe name="elitequestitem_toc_qwikcrete_name" count="1" craft_time = "1" craft_exp_gain="0" >
			<ingredient name="questitem_toc_elitecard_name" count="1"/>
		</recipe>
		<recipe name="elitequestwrit_toc_qwikcrete_name" count="1" craft_time = "90" craft_exp_gain="5000" >
			<ingredient name="resourceBone" count="100"/>
			<ingredient name="resourcePaper" count="1"/>
		</recipe>	
		
  </append>
</configs>