<configs>
  
  <set xpath="/blocks/block[@name='generatorbank']/property[@name='MaxFuel']">2000</set>

  <!--
  Remove the items that currently wrench off a generator, in favor of new items that make sense.
  -->
  <remove xpath="/blocks/block[@name='generatorbank']/drop[@name='resourceMechanicalParts']" />
  <remove xpath="/blocks/block[@name='generatorbank']/drop[@name='resourceElectricParts']" />
  <remove xpath="/blocks/block[@name='generatorbank']/drop[@name='resourceForgedIron']" />
  <!--
  Add in the new items and probabilities for wrenching off a generator.
  -->
  <append xpath="/blocks/block[@name='generatorbank']">
    <drop event="Harvest" name="generatorbank" count="1" prob=".7" tag="salvageHarvest"/>
    <drop event="Harvest" name="smallEngine" count="1,3" prob=".3" tag="salvageHarvest"/>

    
    <drop event="Harvest" name="resourceScrapBrass" count="1,4" prob=".6" tag="salvageHarvest"/>
    <drop event="Harvest" name="resourceElectricParts" count="1,4" prob=".1" tag="salvageHarvest"/>
    <drop event="Harvest" name="resourceMechanicalParts" count="1,4" prob=".1" tag="salvageHarvest"/>
    <drop event="Harvest" name="resourceScrapPolymers" count="1,4" prob=".6" tag="salvageHarvest"/>
  </append>


  <!--
  Remove the items that currently wrench off a generator, in favor of new items that make sense.
  -->
  <remove xpath="/blocks/block[@name='cntCollapsedGeneratorbank']/drop[@name='resourceMechanicalParts']" />
  <remove xpath="/blocks/block[@name='cntCollapsedGeneratorbank']/drop[@name='resourceElectricParts']" />
  <remove xpath="/blocks/block[@name='cntCollapsedGeneratorbank']/drop[@name='resourceForgedIron']" />
  <!--
  Add in the new items and probabilities for wrenching off a generator.
  -->
  <append xpath="/blocks/block[@name='cntCollapsedGeneratorbank']">
    <drop event="Harvest" name="generatorbank" count="1" prob=".3" tag="salvageHarvest"/>
    <drop event="Harvest" name="smallEngine" count="1" prob=".3" tag="salvageHarvest"/>
    
    <drop event="Harvest" name="resourceScrapBrass" count="1,4" prob=".6" tag="salvageHarvest"/>
    <drop event="Harvest" name="resourceElectricParts" count="1,4" prob=".1" tag="salvageHarvest"/>
    <drop event="Harvest" name="resourceMechanicalParts" count="1,4" prob=".1" tag="salvageHarvest"/>
    <drop event="Harvest" name="resourceScrapPolymers" count="1,4" prob=".6" tag="salvageHarvest"/>
  </append>

</configs>