<configs>
  <remove xpath="/recipes/recipe[@name='resourceCement' and @craft_area='forge']" />
  <remove xpath="/recipes/recipe[@name='resourceConcreteMix']/ingredient[@name='resourceCrushedSand']" />
  <append xpath="/recipes">
    <recipe name="resourceCement" count="1" material_based="true" craft_area="cementMixer" tags="cementMixerCrafting">
      <ingredient name="resourceCrushedSand" count="10" />
      <ingredient name="resourceClayLump" count="10" />
    </recipe>
  </append>
</configs>
