<configs>
	<!--
	<blocks name="autoTurret">
		<property name="AmmoItem" value="ammo9mmBulletBall"/>
	
	
	-->
	
	    <append xpath="/blocks/block[@name='autoTurret']/property[@name='AmmoItem']/@value">ammo9mmBulletSteelRemington</append>
			
			<append xpath="/blocks">
				<block name="remingtonTurret">
					<property name="CreativeMode" value="Player"/>
					<property name="CustomIcon" value="autoTurret"/>
					<property name="CustomIconTint" value="cc3300"/>
					<property name="TintColor" value="255,255,255"/>
					
					<property name="Class" value="Ranged"/>
					<property name="DisplayType" value="blockElectricalHardened"/>
					<property name="Material" value="Mmetal_medium"/>
					<property name="Shape" value="ModelEntity"/>
					<property name="Mesh" value="models"/>
					<property name="Path" value="solid"/>
					<property name="Model" value="Entities/Traps/AutoTurret/Auto_TurretPrefab"/>
					<property name="OnlySimpleRotations" value="true"/> <!-- the targeting math will NOT work if it's not upright -->
					<property name="AmmoItem" value="ammo762mmBulletFMJSteelRemington"/>
					<property name="TurnSpeed" value="18.5"/>
					<property name="MaxDistance" value="40"/>
					<property name="EntityDamage" value="70"/> <!-- 188 dps, 213 dps burst -->
					<property name="BlockDamage" value="1"/>
					<property name="RaySpread" value="2.1"/> <!-- Spread 2.6deg: 1m cone (55% hit) @ 22m -->
				
					<property name="BurstRoundCount" value="3"/>
					<property name="BurstFireRate" value="0.17"/>
					<property name="CooldownTime" value=".2"/>
					<property name="OvershootTime" value="0.3"/>
					<property name="FallAsleepTime" value="10"/>
					<property name="WakeUpTime" value="0.3"/>
				
					<property name="YawRange" value="60"/>
					<property name="PitchRange" value="60"/>
				
					<property name="ParticlesMuzzleFire" value="nozzleflashuzi"/>
					<property name="ParticlesMuzzleSmoke" value="nozzlesmokeuzi"/>
				
					<property name="DamageBonus.head" value="4"/>
					<property name="DamageBonus.leg" value="10"/>
					<property name="DamageBonus.glass" value="1"/>
					<property name="DamageBonus.wood" value="2"/>
					<property name="DamageBonus.earth" value="0.2"/>
					<property name="DamageBonus.stone" value="0.2"/>
					<property name="DamageBonus.metal" value="0.2"/>
				
					<property name="TargetingSound" value="turret_retarget_lp"/>
					<property name="OverheatSound" value="turret_overheat_lp"/>
					<property name="WakeUpSound" value="turret_windup"/>
					<property name="FireSound" value="m136_fire"/>
				  <property name="RequiredPower" value="25"/>
					<property name="UnlockedBy" value="eliteitemreward_toc_remington_schem_name"/>

<!--					<property name="UnlockedBy" value="perkAdvancedEngineering,autoTurretSchematic"/> -->
				
					<property class="RepairItems">
						<property name="resourceForgedSteel" value="10"/>
						<property name="resourceMechanicalParts" value="4"/>
						<property name="resourceElectricParts" value="4"/>
						<property name="carBattery" value="1"/>
					</property>
					<!--
					<property class="UpgradeBlock">
						<property name="ToBlock" value="autoTurretSteelCased"/>
						<property name="Item" value="resourceForgedSteel"/>
						<property name="ItemCount" value="10"/>
						<property name="UpgradeHitCount" value="4"/>
					</property>-->
					<drop event="Harvest" name="terrStone" count="0" tool_category="Disassemble"/>
					<drop event="Harvest" name="resourceMechanicalParts" count="1,4" tag="salvageHarvest"/>
					<drop event="Harvest" name="resourceElectricParts" count="1,4" tag="salvageHarvest"/>
					<drop event="Harvest" name="carBattery" count="1,2" tag="salvageHarvest"/>
					<drop event="Harvest" name="resourceScrapIron" count="10,80" tag="allHarvest"/>
					<drop event="Destroy" count="0"/>
				
					<property name="Stacknumber" value="10"/>
					<property name="EconomicValue" value="5000"/>
					<property name="EconomicBundleSize" value="1"/>
					<property name="ImposterExchange" value="imposterBlock" param1="109"/>
					<property name="Group" value="Tools/Traps,Science"/>
					<property name="PickupJournalEntry" value="cameraTip"/>
					<property name="FilterTags" value="fdecor,felectrical,ftraps"/>
					<property name="SortOrder1" value="70a0"/>
				</block>
				
			</append>
</configs>