<config>
	<append xpath="/quests" >
	
			<quest id="+Veteran Quest For Rick Danger Auger">
				<property name="name_key" value="vetquest_toc_rickdanger_name"/>
				<property name="subtitle_key" value="vetquest_toc_rickdanger_subtitle"/>
				<property name="description_key" value="vetquest_toc_rickdanger_description"/>
				<property name="icon" value="ui_game_symbol_map_trader" />
				<property name="repeatable" value="false" />
				<property name="category_key" value="quest" />
				<property name="difficulty" value="medium" />
				<property name="offer_key" value="vetquest_toc_rickdanger_offer"/>
				<property name="statement_key" value="vetquest_toc_rickdanger_statement"/>
				<property name="response_key" value="vetquestdialog_toc_rickdanger"/>				
				<property name="group_name_key" value="vetquest_toc_rickdanger_group"/>
				<property name="shareable" value="false" />
	
				<objective type="FetchKeep" id="resourcePotassiumNitratePowder" value="2000" phase="1" />
				<objective type="FetchKeep" id="resourceOilShale" value="2000" phase="1" />
				<objective type="FetchKeep" id="meleeToolAxeT3ChainsawParts" value="25" phase="1" />
				<objective type="FetchKeep" id="resourcePaper" value="1" phase="1" />
				<objective type="Craft" id="vetquestwrit_toc_rickdanger_name" value="1" phase="2" />		
	
				<reward type="Exp" value="1000" />
			</quest>
			<quest id="+Veteran Reward of Rick Danger Auger">
				<property name="name_key" value="vetquestreward_toc_rickdanger_name"/>
				<property name="subtitle_key" value="vetquestreward_toc_rickdanger_subtitle"/>
				<property name="description_key" value="vetquestreward_toc_rickdanger_description"/>
				<property name="icon" value="ui_game_symbol_map_trader" />
				<property name="repeatable" value="false" />
				<property name="category_key" value="quest" />
				<property name="difficulty" value="easy" />
				<property name="offer_key" value="vetquestreward_toc_rickdanger_offer"/>
				<property name="statement_key" value="vetquestreward_toc_rickdanger_statement"/>
				<property name="response_key" value="vetquestrewarddialog_toc_rickdanger"/>				
				<property name="group_name_key" value="vetquest_toc_rickdanger_group"/>
				<property name="shareable" value="false" />
				<property name="completiontype" value="TurnIn" />
	
				<objective type="Goto" value="5" phase="1" />
				<objective type="ReturnToNPC">
					<property name="phase" value="2"/>
					<property name="nav_object" value="return_to_trader" />
				</objective>
				<objective type="InteractWithNPC">
					<property name="phase" value="3" />
					<property name="nav_object" value="return_to_trader" />										
				</objective>
				
				<reward type="Item" id="questitem_toc_citizencard_name" value="1" />	<!-- This makes the quest repeatable -->						
				<reward type="Item" id="vetitemreward_toc_rickdanger_name" value="4-5" />
				<reward type="Item" id="pouredConcreteBlock" value="10-50" />	
				<reward type="Item" id="questblock_rickdanger_elitecrate_name" value="1" />
				<reward type="Exp" value="5000" />
				<reward type="SkillPoints" value="1" />				
			</quest>
	
	
			<!-- ELITE QUEST -->
			<quest id="+Elite Quest For Rick Danger Improved Auger">
				<property name="name_key" value="elitequest_toc_rickdanger_name"/>
				<property name="subtitle_key" value="elitequest_toc_rickdanger_subtitle"/>
				<property name="description_key" value="elitequest_toc_rickdanger_desc"/>
				<property name="icon" value="ui_game_symbol_map_trader" />
				<property name="repeatable" value="false" />
				<property name="category_key" value="quest" />
				<property name="difficulty" value="hard" />
				<property name="offer_key" value="elitequest_toc_rickdanger_offer"/>
				<property name="statement_key" value="elitequest_toc_rickdanger_statement"/>
				<property name="response_key" value="elitequestdialog_toc_rickdanger"/>				
				<property name="group_name_key" value="elitequest_toc_rickdanger_group"/>
				<property name="shareable" value="false" />
	
				<objective type="FetchKeep" id="vetitemreward_toc_rickdanger_name" value="2" phase="1" />
				<objective type="FetchKeep" id="meleeToolAxeT3ChainsawParts" value="25" phase="1" />
				<objective type="FetchKeep" id="meleeToolAllSteelParts" value="25" phase="1" />
				<objective type="FetchKeep" id="resourcePaper" value="1" phase="1" />
				<objective type="Craft" id="elitequestwrit_toc_rickdanger_name" value="1" phase="2" />		

				<reward type="Exp" value="5000" />
				<reward type="Item" id="questitem_toc_veterancard_name" value="1" />				
			</quest>		
			
			<quest id="+Elite Reward of Rick Danger Improved Auger">
				<property name="name_key" value="elitequestreward_toc_rickdanger_name"/>
				<property name="subtitle_key" value="elitequestreward_toc_rickdanger_subtitle"/>
				<property name="description_key" value="elitequestreward_toc_rickdanger_description"/>
				<property name="icon" value="ui_game_symbol_map_trader" />
				<property name="repeatable" value="false" />
				<property name="category_key" value="quest" />
				<property name="difficulty" value="easy" />
				<property name="offer_key" value="elitequestreward_toc_rickdanger_offer"/>
				<property name="statement_key" value="elitequestreward_toc_rickdanger_statement"/>
				<property name="response_key" value="elitequestrewarddialog_toc_rickdanger"/>				
				<property name="group_name_key" value="elitequest_toc_rickdanger_group"/>
				<property name="shareable" value="false" />
				<property name="completiontype" value="TurnIn" />
	
				<objective type="Goto" value="5" phase="1" />
				<objective type="ReturnToNPC">
					<property name="phase" value="2"/>
					<property name="nav_object" value="return_to_trader" />
				</objective>
				<objective type="InteractWithNPC">
					<property name="phase" value="3" />
				</objective>
				
				<reward type="Item" id="questitem_toc_elitecard_name" value="1" />				
				<reward type="Item" id="eliteitemreward_toc_rickdanger_name" value="6" />
				<reward type="Item" id="questblock_rickdanger_elitecrate_name" value="2" />
				<reward type="Item" id="pouredConcreteBlock" value="50-100" />	
				<reward type="Exp" value="10000" />
				<reward type="SkillPoints" value="2" />				
			</quest>
			
	</append>
</config>
