<configs>
	<append xpath="/buffs">


	<buff name="buffCookedSuperCornItem" name_key="buffCookedSuperCornItemName" description_key="buffCookedSuperCornItemDesc" tooltip_key="buffCookedSuperCornItemTooltip" icon="ui_game_symbol_stomach">
		<damage_type value="disease"/>
		<stack_type value="replace"/><duration value="30"/>
		<display_value value=".buffBeerDisplay"/><display_value_format value="time"/>
		<effect_group>
			<triggered_effect trigger="onSelfBuffUpdate" action="ModifyCVar" cvar="$buffBeerDuration" operation="subtract" value="@$MetabolismDuration"/>
			<triggered_effect trigger="onSelfBuffUpdate" action="ModifyCVar" cvar=".buffBeerDisplay" operation="set" value="@$buffBeerDuration"/>
			<triggered_effect trigger="onSelfBuffUpdate" action="ModifyCVar" cvar=".buffBeerDisplay" operation="divide" value="@$MetabolismDuration"/>
		</effect_group>
		<effect_group>
			<requirement name="CVarCompare" cvar="$buffBeerDuration" operation="LTE" value="0"/>
				<triggered_effect trigger="onSelfBuffUpdate" action="ModifyCVar" cvar="$buffBeerDuration" operation="set" value="0"/>
				<triggered_effect trigger="onSelfBuffUpdate" action="RemoveBuff" buff="buffBeer"/>
		</effect_group>

		<effect_group>
			<passive_effect name="EntityDamage" operation="perc_add" value="4">
				<requirement name="HoldingItemHasTags" tags="perkBrawler"/>
			</passive_effect>

			<passive_effect name="StaminaChangeOT" operation="perc_add" value="0.7">
				<requirement name="NotHasBuff" buff="buffHealWaterMax"/>
			</passive_effect>
			<passive_effect name="StaminaChangeOT" operation="perc_add" value="0.65">
				<requirement name="HasBuff" buff="buffHealWaterMax"/>
			</passive_effect>

			<passive_effect name="BuffResistance" operation="base_add" value="1" tags="buffInjuryStunned01"/>

			<triggered_effect trigger="onSelfBuffRemove" action="ModifyCVar" cvar=".buffBeerDisplay" operation="set" value="0"/>
			<triggered_effect trigger="onSelfBuffRemove" action="ModifyCVar" cvar="$buffBeerDuration" operation="set" value="0"/>
		</effect_group>
	</buff>



		</append>
</configs>