<!-- - - - - - - - - - - -
#########################
####### H7SB Seats ######
### 7 Days to Die Mod ###
#########################
####### Eihwaz © ########
##### NO REUPLAOD! ######
#### CC BY-NC-ND-SA #####
#########################
- - - - - - - - - - - -->
<eihwaz.de>
<append xpath="/buffs"><buff name="furnitureVisualDebug" hidden="true"><stack_type value="ignore"/><duration value="0.1"/><effect_group name="eihwaz.de"><triggered_effect trigger="onSelfBuffStart" action="AddBuff" buff="erholungCheck"><requirement name="NotHasBuff" buff="erholungCheck"/></triggered_effect><triggered_effect trigger="onSelfBuffStart" action="AddBuff" buff="chefsesselCheck"><requirement name="EntityTagCompare" tags="chefsessel"/><requirement name="NotHasBuff" buff="chefsesselCheck"/></triggered_effect><triggered_effect trigger="onSelfBuffStart" action="AddBuff" buff="klappstuhlCheck"><requirement name="EntityTagCompare" tags="klappstuhl"/><requirement name="NotHasBuff" buff="klappstuhlCheck"/></triggered_effect><triggered_effect trigger="onSelfBuffStart" action="AddBuff" buff="holzhockerCheck"><requirement name="EntityTagCompare" tags="holzhocker"/><requirement name="NotHasBuff" buff="holzhockerCheck"/></triggered_effect><triggered_effect trigger="onSelfBuffStart" action="AddBuff" buff="sesselCheck"><requirement name="EntityTagCompare" tags="sessel"/><requirement name="NotHasBuff" buff="sesselCheck"/></triggered_effect><triggered_effect trigger="onSelfBuffStart" action="AddBuff" buff="sesselCheck1"><requirement name="EntityTagCompare" tags="sessel1"/><requirement name="NotHasBuff" buff="sesselCheck1"/></triggered_effect><triggered_effect trigger="onSelfBuffStart" action="AddBuff" buff="sesselCheck2"><requirement name="EntityTagCompare" tags="sessel2"/><requirement name="NotHasBuff" buff="sesselCheck2"/></triggered_effect><triggered_effect trigger="onSelfBuffStart" action="AddBuff" buff="sesselCheck3"><requirement name="EntityTagCompare" tags="sessel3"/><requirement name="NotHasBuff" buff="sesselCheck3"/></triggered_effect><triggered_effect trigger="onSelfBuffStart" action="AddBuff" buff="bankCheck"><requirement name="EntityTagCompare" tags="bank"/><requirement name="NotHasBuff" buff="bankCheck"/></triggered_effect><triggered_effect trigger="onSelfBuffStart" action="AddBuff" buff="bankCheck1"><requirement name="EntityTagCompare" tags="bank1"/><requirement name="NotHasBuff" buff="bankCheck1"/></triggered_effect><triggered_effect trigger="onSelfBuffStart" action="AddBuff" buff="sofaCheck"><requirement name="EntityTagCompare" tags="sofa"/><requirement name="NotHasBuff" buff="sofaCheck"/></triggered_effect><triggered_effect trigger="onSelfBuffStart" action="AddBuff" buff="sofaCheck1"><requirement name="EntityTagCompare" tags="sofa1"/><requirement name="NotHasBuff" buff="sofaCheck1"/></triggered_effect></effect_group></buff></append><append xpath="/buffs"><buff name="chefsesselCheck" hidden="true"><stack_type value="replace"/><duration value="9"/><effect_group><triggered_effect trigger="onSelfBuffStart" action="SetTransformActive" active="false"  transform_path="car_mesh"/><triggered_effect trigger="onSelfBuffStart" action="SetTransformActive" active="false"  transform_path="Origin/headlight"/><triggered_effect trigger="onSelfBuffStart" action="AttachPrefabToEntity" prefab="Entities/Furniture/officeChairPrefab" local_offset="0,2.5,-0.1" local_rotation="0,0,0" parent_transform="Origin"/><triggered_effect trigger="onSelfBuffFinish" action="AddBuff" buff="furnitureVisualDebug"/></effect_group></buff></append><append xpath="/buffs">	<buff name="klappstuhlCheck" hidden="true"><stack_type value="replace"/>	<duration value="9"/><effect_group><triggered_effect trigger="onSelfBuffStart" action="SetTransformActive" active="false"  transform_path="car_mesh"/><triggered_effect trigger="onSelfBuffStart" action="SetTransformActive" active="false"  transform_path="Origin/headlight"/><triggered_effect trigger="onSelfBuffStart" action="AttachPrefabToEntity" prefab="Entities/Furniture/barrack_chairPrefab" local_offset="0,2.5,-0.1" local_rotation="0,0,0" parent_transform="Origin"/><triggered_effect trigger="onSelfBuffFinish" action="AddBuff" buff="furnitureVisualDebug"/></effect_group></buff></append><append xpath="/buffs">	<buff name="holzhockerCheck" hidden="true"><stack_type value="replace"/>		<duration value="9"/><effect_group><triggered_effect trigger="onSelfBuffStart" action="SetTransformActive" active="false"  transform_path="car_mesh"/><triggered_effect trigger="onSelfBuffStart" action="SetTransformActive" active="false"  transform_path="Origin/headlight"/><triggered_effect trigger="onSelfBuffStart" action="AttachPrefabToEntity" prefab="Entities/Commercial/ShelfClothsEmptyPrefab" local_offset="0,2.5,0" local_rotation="0,0,0" parent_transform="Origin"/><triggered_effect trigger="onSelfBuffFinish" action="AddBuff" buff="furnitureVisualDebug"/></effect_group></buff></append><append xpath="/buffs">	<buff name="sesselCheck" hidden="true"><stack_type value="replace"/>		<duration value="9"/><effect_group name="eihwa z.de"><triggered_effect trigger="onSelfBuffStart" action="SetTransformActive" active="false"  transform_path="car_mesh"/><triggered_effect trigger="onSelfBuffStart" action="SetTransformActive" active="false"  transform_path="Origin/headlight"/><triggered_effect trigger="onSelfBuffStart" action="AttachPrefabToEntity" prefab="Entities/Furniture/sectionalChairPrefab" local_offset="0,2.5,-1.6" local_rotation="0,0,0" parent_transform="Origin"/><triggered_effect trigger="onSelfBuffFinish" action="AddBuff" buff="furnitureVisualDebug"/></effect_group></buff></append><append xpath="/buffs">	<buff name="sesselCheck1" hidden="true"><stack_type value="replace"/>		<duration value="9"/><effect_group><triggered_effect trigger="onSelfBuffStart" action="SetTransformActive" active="false"  transform_path="car_mesh"/><triggered_effect trigger="onSelfBuffStart" action="SetTransformActive" active="false"  transform_path="Origin/headlight"/><triggered_effect trigger="onSelfBuffStart" action="AttachPrefabToEntity" prefab="Entities/Furniture/sectionalChairLeatherPrefab" local_offset="0,2.5,-1.6" local_rotation="0,0,0" parent_transform="Origin"/><triggered_effect trigger="onSelfBuffFinish" action="AddBuff" buff="furnitureVisualDebug"/></effect_group></buff></append><append xpath="/buffs">	<buff name="sesselCheck2" hidden="true"><stack_type value="replace"/>		<duration value="9"/><effect_group><triggered_effect trigger="onSelfBuffStart" action="SetTransformActive" active="false"  transform_path="car_mesh"/><triggered_effect trigger="onSelfBuffStart" action="SetTransformActive" active="false"  transform_path="Origin/headlight"/><triggered_effect trigger="onSelfBuffStart" action="AttachPrefabToEntity" prefab="Entities/Furniture/chair04Prefab" local_offset="0,2.5,-1.6" local_rotation="0,0,0" parent_transform="Origin"/><triggered_effect trigger="onSelfBuffFinish" action="AddBuff" buff="furnitureVisualDebug"/></effect_group></buff></append><append xpath="/buffs">	<buff name="sesselCheck3" hidden="true"><stack_type value="replace"/>		<duration value="9"/><effect_group><triggered_effect trigger="onSelfBuffStart" action="SetTransformActive" active="false"  transform_path="car_mesh"/><triggered_effect trigger="onSelfBuffStart" action="SetTransformActive" active="false"  transform_path="Origin/headlight"/><triggered_effect trigger="onSelfBuffStart" action="AttachPrefabToEntity" prefab="Entities/Furniture/chair05Prefab" local_offset="0,2.5,-1.6" local_rotation="0,0,0" parent_transform="Origin"/><triggered_effect trigger="onSelfBuffFinish" action="AddBuff" buff="furnitureVisualDebug"/></effect_group></buff></append><append xpath="/buffs">	<buff name="bankCheck" hidden="true"><stack_type value="replace"/>		<duration value="9"/><effect_group><triggered_effect trigger="onSelfBuffStart" action="SetTransformActive" active="false"  transform_path="car_mesh"/><triggered_effect trigger="onSelfBuffStart" action="SetTransformActive" active="false"  transform_path="Origin/headlight"/><triggered_effect trigger="onSelfBuffStart" action="AttachPrefabToEntity" prefab="Entities/Furniture/parkBenchAPrefab" local_offset="2,2.5,-1.6" local_rotation="0,0,0" parent_transform="Origin"/><triggered_effect trigger="onSelfBuffFinish" action="AddBuff" buff="furnitureVisualDebug"/></effect_group></buff></append><append xpath="/buffs">	<buff name="bankCheck1" hidden="true"><stack_type value="replace"/>		<duration value="9"/><effect_group name="eihwaz.de"><triggered_effect trigger="onSelfBuffStart" action="SetTransformActive" active="false"  transform_path="car_mesh"/><triggered_effect trigger="onSelfBuffStart" action="SetTransformActive" active="false"  transform_path="Origin/headlight"/><triggered_effect trigger="onSelfBuffStart" action="AttachPrefabToEntity" prefab="Entities/Furniture/parkBenchBPrefab" local_offset="2,2.5,-1.6" local_rotation="0,0,0" parent_transform="Origin"/><triggered_effect trigger="onSelfBuffFinish" action="AddBuff" buff="furnitureVisualDebug"/></effect_group></buff></append><append xpath="/buffs">	<buff name="sofaCheck" hidden="true"><stack_type value="replace"/><duration value="9"/><effect_group><triggered_effect trigger="onSelfBuffStart" action="SetTransformActive" active="false"  transform_path="car_mesh"/><triggered_effect trigger="onSelfBuffStart" action="SetTransformActive" active="false"  transform_path="Origin/headlight"/><triggered_effect trigger="onSelfBuffStart" action="AttachPrefabToEntity" prefab="Entities/Furniture/sofa02Prefab" local_offset="0,2.5,-1.6" local_rotation="0,0,0" parent_transform="Origin"/><triggered_effect trigger="onSelfBuffFinish" action="AddBuff" buff="furnitureVisualDebug"/></effect_group></buff></append><append xpath="/buffs">	<buff name="sofaCheck1" hidden="true"><stack_type value="replace"/>		<duration value="9"/><effect_group><triggered_effect trigger="onSelfBuffStart" action="SetTransformActive" active="false"  transform_path="car_mesh"/><triggered_effect trigger="onSelfBuffStart" action="SetTransformActive" active="false"  transform_path="Origin/headlight"/><triggered_effect trigger="onSelfBuffStart" action="AttachPrefabToEntity" prefab="Entities/Furniture/sofa03Prefab" local_offset="0,2.5,-1.6" local_rotation="0,0,0" parent_transform="Origin"/><triggered_effect trigger="onSelfBuffFinish" action="AddBuff" buff="furnitureVisualDebug"/></effect_group></buff></append>
</eihwaz.de>