<!-- - - - - - - - - - - -
#########################
####### H7SB Seats ######
### 7 Days to Die Mod ###
#########################
####### Eihwaz © ########
##### NO REUPLAOD! ######
#### CC BY-NC-ND-SA #####
#########################
- - - - - - - - - - - -->
<eihwaz.de>
	<append xpath="/recipes">
		<recipe name="h7sb_holzhocker" count="1" craft_time="30">
			<ingredient name="resourceNail" count="10"/>
			<ingredient name="resourceWood" count="15"/>
		</recipe>
		<recipe name="h7sb_bank" count="1" craft_time="60">
			<ingredient name="resourceNail" count="10"/>
			<ingredient name="resourceWood" count="30"/>
		</recipe>
		<recipe name="h7sb_bank1" count="1" craft_time="60">
			<ingredient name="resourceNail" count="10"/>
			<ingredient name="resourceWood" count="30"/>
		</recipe>
		<recipe name="h7sb_klappstuhl" count="1" craft_time="60">
			<ingredient name="resourceGlue" count="2"/>
			<ingredient name="resourceMetalPipe" count="5"/>
			<ingredient name="resourceScrapPolymers" count="15"/>
		</recipe>
		<recipe name="h7sb_chefsessel" count="1" craft_time="90">
			<ingredient name="resourceLeather" count="5"/>
			<ingredient name="resourceNail" count="15"/>
			<ingredient name="resourceWood" count="20"/>
		</recipe>
		<recipe name="h7sb_sessel" count="1" craft_time="90">
			<ingredient name="resourceCloth" count="10"/>
			<ingredient name="resourceNail" count="15"/>
			<ingredient name="resourceWood" count="20"/>
		</recipe>
		<recipe name="h7sb_sessel1" count="1" craft_time="90">
			<ingredient name="resourceLeather" count="5"/>
			<ingredient name="resourceNail" count="15"/>
			<ingredient name="resourceWood" count="20"/>
		</recipe>
		<recipe name="h7sb_sessel2" count="1" craft_time="90">
			<ingredient name="resourceCloth" count="10"/>
			<ingredient name="resourceNail" count="15"/>
			<ingredient name="resourceWood" count="20"/>
		</recipe>
		<recipe name="h7sb_sessel3" count="1" craft_time="90">
			<ingredient name="resourceLeather" count="5"/>
			<ingredient name="resourceNail" count="15"/>
			<ingredient name="resourceWood" count="20"/>
		</recipe>
		<recipe name="h7sb_sofa" count="1" craft_time="120">
			<ingredient name="resourceCloth" count="25"/>
			<ingredient name="resourceNail" count="30"/>
			<ingredient name="resourceWood" count="50"/>
		</recipe>
		<recipe name="h7sb_sofa1" count="1" craft_time="120">
			<ingredient name="resourceLeather" count="15"/>
			<ingredient name="resourceNail" count="30"/>
			<ingredient name="resourceWood" count="50"/>
		</recipe>
	</append>
</eihwaz.de>