<configs>
	<append xpath="/recipes">
		<!-- The quest and goal item to craft for reward for: Leon's Modded SMG -->
		<recipe name="questitem_toc_leon_name" count="1" craft_time = "1" craft_exp_gain="0" >
			<ingredient name="questitem_toc_citizencard_name" count="1"/>
		</recipe>
		<recipe name="questwrit_toc_leon_name" count="1" craft_time = "90" craft_exp_gain="10000" >
			<ingredient name="gunHandgunT1Pistol" count="2"/>
			<ingredient name="resourcePaper" count="1"/>
		</recipe>	
		<recipe name="questwrit_toc_repairleon_name" count="1" craft_time = "90" craft_exp_gain="10000" >
			<ingredient name="questitem_toc_leondegsmg_name" count="1"/>
			<ingredient name="resourceSpring" count="5"/>
			<ingredient name="resourceMechanicalParts" count="10"/>
			<ingredient name="resourcePaper" count="1"/>
		</recipe>	

		<recipe name="vetquestitem_toc_leon_name" count="1" craft_time = "1" craft_exp_gain="0" >
			<ingredient name="questitem_toc_veterancard_name" count="1"/>
			<ingredient name="questitem_toc_leondegsmg_name" count="1"/>
		</recipe>
		<recipe name="vetquestwrit_toc_leon_name" count="1" craft_time = "300" craft_exp_gain="20000" >
			<ingredient name="gunHandgunT1Pistol" count="10"/>
			<ingredient name="gunHandgunT3SMG5" count="5"/>		
			<ingredient name="resourcePaper" count="1"/>
		</recipe>
	</append>
</configs>