<MeanCloud_IncreasedAnimals>

  <insertAfter xpath="/entity_classes/entity_class[@name='animalDoe']" >
    <entity_class name="animalMoose" extends="animalTemplateTimid">
      <property name="Tags" value="entity,animal,deer,perkAT2,perkAT3,perkAT4,perkAT5"/>
      <property name="MapIcon" value="ui_game_symbol_tracking_deer"/>
      <property name="TrackerIcon" value="ui_game_symbol_tracking_deer"/>
      <property name="AvatarController" value="AvatarAnimalController"/>
      <property name="ModelType" value="Standard"/>
      <property name="Prefab" value="/Entities/Animals/Deer/animalDeerStagRagdoll"/>
      <property name="Mesh" value=""/>
      <property name="Parent" value="Animals"/>
      <property name="HasDeathAnim" value="true"/>
      <property name="HasRagdoll" value="true"/>
      <property name="RootMotion" value="true"/>
      <property name="RotateToGround" value="true"/>
      <property name="IsEntityAnimal" value="true"/>
      <property name="IsEnemyEntity" value="false"/>
      <property name="Faction" value="animals"/>
      <property name="PhysicsBody" value="Doe"/>
      <property name="Mass" value="180"/>
      <property name="Weight" value="110"/>
      <property name="SurfaceCategory" value="organic"/>
      <property name="ParticleOnDeath" value="blood_death"/>
      <property name="SoundHurt" value="Animals/stagpain"/>
      <property name="SoundDeath" value="Animals/stagdeath"/>
      <!-- Gameplay -->
      <property name="MaxTurnSpeed" value="220"/>
      <property name="MoveSpeedPanic" value="1.6"/>
      <property name="ExperienceGain" value="327"/>
      <property name="TimeStayAfterDeath" value="300"/>
      <drop event="Harvest" name="foodRawMeat" count="0" tool_category="Butcher"/> <!-- this triggers the special harvesting animation like on the knife -->
      <drop event="Harvest" name="foodRawMeat" tag="butcherHarvest" count="30"/> <!-- animalStag -->
      <drop event="Harvest" name="resourceLeather" tag="butcherHarvest" count="9"/>
      <drop event="Harvest" name="resourceAnimalFat" tag="butcherHarvest" count="3"/>
      <drop event="Harvest" name="resourceBone" tag="butcherHarvest" count="25"/>
      <drop event="Harvest" name="resourceBone" tag="allToolsHarvest" count="7"/>
      <drop event="Harvest" name="foodRawMeat" count="1" tag="WasteTreasuresCompleteHarvest"/>
      <drop event="Harvest" name="resourceLeather" count="1" tag="WasteTreasuresCompleteHarvest"/>
      <drop event="Harvest" name="resourceBone" count="1" tag="WasteTreasuresCompleteHarvest"/>
      <effect_group name="Base Effects">
        <passive_effect name="HealthMax" operation="base_set" value="150"/>
        <passive_effect name="HealthMax" operation="perc_add" value="0"/> <!-- Animal HP scale -->
      </effect_group>
    </entity_class>
  </insertAfter>

  <insertAfter xpath="/entity_classes/entity_class[@name='animalMoose']" >
    <entity_class name="animalDeer" extends="animalStag">
      <property name="Prefab" value="/Entities/Animals/Deer/animalDeerDoeRagdoll"/>
      <property name="Mass" value="120"/>
      <property name="SizeScale" value="1.4"/>
      <!-- Gameplay -->
      <drop event="Harvest" name="foodRawMeat" count="0" tool_category="Butcher"/>
      <drop event="Harvest" name="foodRawMeat" tag="butcherHarvest" count="20"/> <!-- animalStag -->
      <drop event="Harvest" name="resourceLeather" tag="butcherHarvest" count="6"/>
      <drop event="Harvest" name="resourceAnimalFat" tag="butcherHarvest" count="2"/>
      <drop event="Harvest" name="resourceBone" tag="butcherHarvest" count="15"/>
      <drop event="Harvest" name="resourceBone" tag="allToolsHarvest" count="5"/>
      <drop event="Harvest" name="foodRawMeat" count="1" tag="WasteTreasuresCompleteHarvest"/>
      <drop event="Harvest" name="resourceLeather" count="1" tag="WasteTreasuresCompleteHarvest"/>
      <drop event="Harvest" name="resourceBone" count="1" tag="WasteTreasuresCompleteHarvest"/>
      <effect_group name="Base Effects">
        <passive_effect name="HealthMax" operation="base_set" value="75"/>
        <passive_effect name="HealthMax" operation="perc_add" value="0"/> <!-- Animal HP scale -->
      </effect_group>
    </entity_class>
  </insertAfter>

  <insertAfter xpath="/entity_classes/entity_class[@name='animalRabbit']" >
    <entity_class name="animalHare" extends="animalTemplateTimid">
      <property name="Tags" value="entity,animal"/>
      <property name="Class" value="EntityAnimalRabbit"/>
      <property name="Prefab" value="/Entities/Animals/Rabbit/RABBIT"/>
      <property name="Mesh" value=""/>
      <property name="Parent" value="Animals"/>
      <property name="Faction" value="animals"/>
      <property name="PhysicsBody" value="rabbit"/>
      <property name="Mass" value="35"/>
      <property name="Weight" value="25"/>
      <property name="SizeScale" value="1.3"/>
      <property name="SoundHurt" value="Animals/rabbitpain"/>
      <property name="SoundDeath" value="Animals/rabbitdeath"/>
      <property name="SwimOffset" value="2"/>
      <property name="HasRagdoll" value="false"/>

      <!-- Gameplay -->
      <property name="MoveSpeedPanic" value="1.5"/>

      <property name="ExperienceGain" value="173"/>
      <property name="DeadBodyHitPoints" value="175"/>
      <drop event="Harvest" name="foodRawMeat" count="0" tool_category="Butcher"/>
      <drop event="Harvest" name="foodRawMeat" tag="butcherHarvest" count="10"/> <!-- animalRabbit -->
      <drop event="Harvest" name="resourceLeather" tag="butcherHarvest" count="2"/>

      <effect_group name="Base Effects">
        <passive_effect name="HealthMax" operation="base_set" value="10"/>
        <passive_effect name="HealthMax" operation="perc_add" value="0"/> <!-- Animal HP scale -->
      </effect_group>
    </entity_class>
  </insertAfter>

  <insertAfter xpath="/entity_classes/entity_class[@name='animalChicken']" >
    <entity_class name="animalHen" extends="animalTemplateTimid">
      <property name="Tags" value="entity,animal"/>
      <property name="Mesh" value="Animals/CHICKEN/chickenPrefab"/>
      <property name="Prefab" value="NPC"/>
      <property name="Class" value="EntityAnimalRabbit"/>
      <property name="Parent" value="Animals"/>
      <property name="Faction" value="animals"/>
      <property name="PhysicsBody" value="chicken"/>
      <property name="Mass" value="45"/>
      <property name="Weight" value="30"/>
      <property name="SizeScale" value="1.2"/>
      <property name="SoundHurt" value="Animals/Chicken/chickenpain"/>
      <property name="SoundDeath" value="Animals/Chicken/chickendeath"/>
      <property name="SwimOffset" value="2"/>
      <property name="HasRagdoll" value="false"/>
      <property name="HasDeathAnim" value="false"/>

      <!-- Gameplay -->
      <property name="MoveSpeedPanic" value="1"/>
      <property name="ExperienceGain" value="173"/>
      <property name="DeadBodyHitPoints" value="175"/>
      <drop event="Harvest" name="foodRawMeat" count="0" tool_category="Butcher"/>
      <drop event="Harvest" name="foodRawMeat" tag="butcherHarvest" count="10"/> <!-- animalChicken -->
      <drop event="Harvest" name="resourceFeather" tag="butcherHarvest" count="23"/>
      <effect_group name="Base Effects">
        <passive_effect name="HealthMax" operation="base_set" value="10"/>
        <passive_effect name="HealthMax" operation="perc_add" value="0"/> <!-- Animal HP scale -->
      </effect_group>
    </entity_class>
  </insertAfter>

  <insertAfter xpath="/entity_classes/entity_class[@name='animalHen']" >
    <entity_class name="animalPig" extends="animalTemplateTimid">
      <property name="Tags" value="entity,animal"/>
      <property name="IsEnemyEntity" value="false"/><!-- override hostile template setting so he can spawn in safe zones -->
      <property name="AvatarController" value="AvatarAnimalController"/>
      <property name="ModelType" value="Standard"/>
      <property name="HasRagdoll" value="true"/>
      <property name="PhysicsBody" value="boar"/>
      <property name="Mass" value="200"/>
      <property name="Parent" value="Animals"/>
      <property name="Faction" value="animals"/>
      <property name="Mesh" value="Animals/Boar/AnimalBoarStandardRagdoll"/>
      <property name="HasDeathAnim" value="true"/>
      <property name="RootMotion" value="true"/>
      <property name="RagdollOnDeathChance" value=".5"/>
      <property class="MechanimAttackTriggers">
        <property name="state0" value="AttackTrigger"/>
      </property>
      <property class="MechanimAttackStates">
        <property name="state0" value="Attack"/>
        <property name="state1" value="AttackStandingStill"/>
      </property>
      <property class="MechanimPainTriggers">
        <property name="state0" value="PainTrigger"/>
      </property>
      <property class="MechanimPainStates">
        <property name="state0" value="Pain"/>
      </property>
      <property class="MechanimDeathTriggers">
        <property name="state0" value="DeathTrigger"/>
      </property>
      <property class="MechanimDeathStates">
        <property name="state0" value="Death"/>
      </property>
      <property name="SoundRandom" value="Animals/Boar/boarroam"/>
      <property name="SoundAlert" value="Animals/Boar/boaralert"/>
      <property name="SoundHurt" value="Animals/Boar/boarpain"/>
      <property name="SoundDeath" value="Animals/Boar/boardeath"/>
      <property name="SoundAttack" value="Animals/Boar/boarattack"/>
      <property name="SoundSense" value="Animals/Boar/boarsense"/>
      <property name="SoundGiveUp" value="Animals/Boar/boargiveup"/>

      <!-- Gameplay -->
      <property name="MoveSpeed" value="0.2"/>
      <property name="MoveSpeedAggro" value="1.3, 1.3"/>
      <property name="MoveSpeedPanic" value="2.0"/>

      <drop event="Harvest" name="foodRawMeat" count="0" tool_category="Butcher"/>
      <drop event="Harvest" name="foodRawMeat" tag="butcherHarvest" count="30"/> <!-- animalBoar -->
      <drop event="Harvest" name="resourceLeather" tag="butcherHarvest" count="7"/>
      <drop event="Harvest" name="resourceAnimalFat" count="6" tag="butcherHarvest"/>
      <drop event="Harvest" name="resourceBone" tag="butcherHarvest" count="3"/>
      <drop event="Harvest" name="resourceBone" tag="allToolsHarvest" count="1"/>

      <effect_group name="Base Effects">
        <passive_effect name="HealthMax" operation="base_set" value="150"/>
        <passive_effect name="HealthMax" operation="perc_add" value="0"/> <!-- Animal HP scale -->
      </effect_group>
    </entity_class>
  </insertAfter>

</MeanCloud_IncreasedAnimals>
