<configs>
	<append xpath="/recipes">
		<recipe name="questitem_toc_earrows_name" count="1" craft_time="1" craft_exp_gain="0" >
			<ingredient name="questitem_toc_citizencard_name" count="1"/>
		</recipe>		
		<recipe name="writitem_toc_earrows_name" count="1" craft_time = "90" craft_exp_gain="10000" >
			<ingredient name="foodCropCorn" count="3"/>
			<ingredient name="resourceCropSnowberryPlant" count="3"/>
			<ingredient name="resourcePaper" count="1"/>
		</recipe>	
		
		<recipe name="questitem_toc_ebolts_name" count="1" craft_time="1" craft_exp_gain="0" >
			<ingredient name="questitem_toc_citizencard_name" count="1"/>
		</recipe>	
		<recipe name="writitem_toc_ebolts_name" count="1" craft_time = "90" craft_exp_gain="10000" >
			<ingredient name="foodCropPotato" count="3"/>
			<ingredient name="foodCropMushrooms" count="3"/>
			<ingredient name="resourcePaper" count="1"/>
		</recipe>			
	</append>
</configs>
