<configs>
  <append xpath="/buffs/buff[@name='buffStatusCheck01']/effect_group">
		<triggered_effect trigger="onSelfBuffUpdate" action="AddBuff" buff="AmeliaVehicleChecker">
			<requirement name="NotHasBuff" buff="AmeliaVehicleChecker"/>
		</triggered_effect>
	</append>

    
  <append xpath="/buffs">
    <buff name="AmeliaVehicleChecker" hidden="true">
			<stack_type value="replace"/>
			<duration value="500"/>
			<update_rate value=".1"/>
			<effect_group>
				<triggered_effect trigger="onSelfBuffUpdate" action="AddBuff" target="selfAOE" range="100" buff="AmeliaCheck">
					<requirement name="EntityTagCompare" target="other" tags="vehicleAmelia"/>
					<requirement name="NotHasBuff" target="other" buff="AmeliaCheck"/>
				</triggered_effect>
      </effect_group>
    </buff>
    
    <buff name="AmeliaCheck" hidden="true">
      <stack_type value="ignore"/>		
      <effect_group>                                                                                                                             <!--  Up/Down, Left/Right, Forward/Backward                                            -->    
        <triggered_effect trigger="onSelfBuffStart" action="AttachPrefabToEntity" prefab="#Entities/Vehicles?Car/car_seat_uprightPrefab.prefab" local_offset="0.15,.99,.49" local_rotation="-14,0,0" parent_transform="GameObject"/>
        <!--<triggered_effect trigger="onSelfBuffStart" action="AttachPrefabToEntity" prefab="#Entities/Vehicles?Car/car_seat_uprightPrefab.prefab" local_offset="0.15,0.15,-1" local_rotation="0,0,0" parent_transform="Mesh"/>-->
      </effect_group>
    </buff>

    <buff name="ToCWendigoDeco" hidden="true">
      <effect_group>
        <triggered_effect trigger="onSelfBuffStart" action="AttachPrefabToEntity" prefab="Entities/OutdoorDecor/cowSkullPrefab" local_offset="-.3,0,-.1" local_rotation="0,-45,90" parent_transform="Head"/>
        <!--<triggered_effect trigger="onSelfBuffStart" action="AttachPrefabToEntity" prefab="#Other/Items?Tools/torch02_droppedPrefab.prefab" local_offset="-.3,.25,0" local_rotation="0,0,-135" parent_transform="Head"/>
        <triggered_effect trigger="onSelfBuffStart" action="AttachPrefabToEntity" prefab="#Other/Items?Weapons/Melee/Club/Club_Wood_BranchPrefab.prefab" local_offset="-.3,-.25,0" local_rotation="0,0,-45" parent_transform="Head"/>-->
        <triggered_effect trigger="onSelfBuffStart" action="AttachPrefabToEntity" prefab="#Other/Items?Weapons/Spear/spear_stone_Prefab.prefab" local_offset="-.1,-.2,0" local_rotation="0,90,0" parent_transform="Head"/>
        <triggered_effect trigger="onSelfBuffStart" action="AttachPrefabToEntity" prefab="#Other/Items?Misc/crossbow_bolt_dropped_stonePrefab.prefab" local_offset="-.1,0,0" local_rotation="0,0,-90" parent_transform="RightHand"/>
        <triggered_effect trigger="onSelfBuffStart" action="AttachPrefabToEntity" prefab="#Other/Items?Misc/crossbow_bolt_dropped_stonePrefab.prefab" local_offset="-.1,0,0" local_rotation="0,0,-90" parent_transform="LeftHand"/>
      </effect_group>
    </buff>

  </append>
</configs>