<!-- - - - - - - - - - - -
#########################
###### H7SB Storage #####
### 7 Days to Die Mod ###
#########################
####### Eihwaz © ########
##### NO REUPLAOD! ######
#### CC BY-NC-ND-SA #####
#########################
- - - - - - - - - - - -->
<eihwaz.de>
<append xpath="/blocks">
<block name="h7sb_metallMöbel">
	<property name="Extends" value="metalFurnitureBlockVariantHelper"/>
	<property name="CustomIcon" value="cntWallOven"/>
	<property name="PickupJournalEntry" value="h7sb_stTip"/>
	<property name="PlaceAltBlockValue" value="h7sb_ofen,h7sb_ofen1,h7sb_waschmaschine,h7sb_abfallpresse,h7sb_kühlschrank,h7sb_kühlschrank1,h7sb_kühlfach,h7sb_kühlbox,showerHead,faucet04,faucet02,h7sb_badewanne,radiatorHouse01Player,h7sb_mülleimer,h7sb_mülleimer1,h7sb_mülleimer2,rustyIronTable,rScrapIronTable,h7sb_eisentischRund,h7sb_eisentischRund1,cntStoreShelfSingleBottomEmpty,cntStoreShelfSingleTopEmpty,cntStoreShelfDoubleBottomEmpty,cntStoreShelfDoubleTopEmpty,,,,,,,,,h7sb_kleiderhaken,h7sb_kleiderhaken1,h7sb_kleiderständer,h7sb_kleiderständer1,h7sb_kleiderständer2,,,,h7sb_spind,h7sb_spind1,h7sb_spind2,h7sb_spind3,h7sb_spind4,,,,h7sb_eisenfassOben,h7sb_eisenfassOben1,h7sb_eisenfassOben2,h7sb_eisenfassOben4,h7sb_eisenfassOben3,,,,h7sb_eisenfassUnten,h7sb_eisenfassUnten1,h7sb_eisenfassUnten2,h7sb_eisenfassUnten4,h7sb_eisenfassUnten3,h7sb_wasserspender"/>
</block>
<block name="h7sb_holzMöbel">
	<property name="Extends" value="cntWoodFurnitureBlockVariantHelper"/>
	<property name="CustomIcon" value="cntCupboardCabinetRedTopOpen"/>
	<property name="PickupJournalEntry" value="h7sb_stTip"/>
	<property name="PlaceAltBlockValue" value="h7sb_schrankRot,h7sb_schrankRot1,h7sb_schrankRot2,h7sb_schrankRot3,h7sb_spüleRot,h7sb_thekeRot,h7sb_holztisch,h7sb_holztisch1,h7sb_schrankSchwarz,h7sb_schrankSchwarz1,h7sb_schrankSchwarz2,h7sb_schrankSchwarz3,h7sb_spüleSchwarz,h7sb_schrankSchwarz4,h7sb_holztisch2,h7sb_holztisch3,h7sb_schrankBraun,h7sb_schrankBraun1,h7sb_schrankBraun2,h7sb_schrankBraun3,h7sb_spüleBraun,h7sb_thekeBraun,h7sb_kommode,h7sb_holztisch4,h7sb_holzstuhl,h7sb_alterstuhl,h7sb_pbank,h7sb_pbank1,h7sb_holztisch5,h7sb_ventilatorklein,h7sb_hundehütte,h7sb_holzrad,h7sb_fenterläden,h7sb_fenterrahmenSchmal,h7sb_fenterrahmenSchmal1,h7sb_fenterrahmenSchmal2,h7sb_bücherregal1,h7sb_bücherregal2,h7sb_bücherregal3,h7sb_bücherregal4,h7sb_lagerkiste,h7sb_weinfass,h7sb_weinfass1,h7sb_weinfass2,h7sb_medizinschrank,h7sb_medizinschrank1,h7sb_pillenschrank,h7sb_bücherregal,h7sb_holzstapel1,h7sb_kistenstapel1,h7sb_steinstapel1,h7sb_abgedecktstapel1,h7sb_lagerkiste1,h7sb_lagerkiste2,h7sb_lagerkiste3,h7sb_lagerkiste4,h7sb_holzstapel,h7sb_kistenstapel,h7sb_steinstapel,h7sb_abgedecktstapel,h7sb_lagerkiste5,h7sb_lagerkiste6,h7sb_lagerkiste7,h7sb_lagerkiste8"/>
</block>

<block name="h7sb_holzkisteOffen">
	<property name="CustomIcon" value="cntChest01"/>
	<property name="DescriptionKey" value="furnitureGroupDesc"/>
	<property name="FilterTags" value="ffurniture"/>
	<property name="Group" value="Basics,Decor/Miscellaneous"/>
	<property name="PickupJournalEntry" value="h7sb_stTip"/>
	
	<property name="Mesh" value="models"/>
	<property name="Shape" value="Ext3dModel"/>
	<property name="Model" value="LootContainers/chest01" param1="main_mesh"/> <property name="HandleFace" value="Bottom"/>
	<property name="Place" value="TowardsPlacerInverted"/>
	<property name="Material" value="MwoodReinforced"/>
	<property name="Path" value="solid"/>
	<property name="StabilitySupport" value="false"/>
	<property name="Collide" value="movement,melee,bullet,arrow,rocket"/>
	<property name="ImposterExchange" value="imposterQuarter" param1="154"/>
	<property class="RepairItems"> <property name="resourceWood" value="10"/> </property>
	<property name="MaxDamage" value="250"/>
	
	<property name="Class" value="Loot"/>
	<property name="LootList" value="255"/>
	<property name="FuelValue" value="300"/>
	<property name="LPHardnessScale" value="8"/>
	<property name="SellableToTrader" value="false"/>
	<drop event="Destroy" name="resourceWood" count="1,3"/>
	<drop event="Fall" name="terrDestroyedWoodDebris" count="1" prob="0.33" stick_chance="1"/>
</block>

<block name="h7sb_holzkisteOffen1">
	<property name="Extends" value="h7sb_holzkisteOffen"/>
	<property name="CreativeMode" value="Dev"/>
	<property name="DescriptionKey" value="cntSecureStorageChestDesc"/>
	<property name="CustomIcon" value="cntChest02"/>
	<property name="Group" value="Decor/Miscellaneous"/>
	<property name="Model" value="LootContainers/chest02" param1="main_mesh"/>
	<property name="LootList" value="256"/>
	<property name="SellableToTrader" value="false"/>
</block>
<block name="h7sb_holzkiste1">
	<property name="Extends" value="h7sb_holzkisteOffen1"/>
	<property name="CustomIcon" value="cntChest02"/>
	<property name="Tags" value="door"/>
	<property name="Class" value="SecureLoot"/>
	<property name="MaxDamage" value="500"/>
	<property name="DowngradeBlock" value="h7sb_holzkisteOffen1"/>
	<drop event="Destroy" name="resourceWood" count="0"/>
</block>

<block name="h7sb_eisenkisteOffen">
	<property name="CustomIcon" value="cntLootChestHero"/>
	<property name="CreativeMode" value="Dev"/>
	<property name="DescriptionKey" value="cntSecureStorageChestDesc"/>
	<property name="FilterTags" value="ffurniture"/>
	<property name="Group" value="Decor/Miscellaneous"/>
	
	<property name="Shape" value="ModelEntity"/>
	<property name="Model" value="#Entities/LootContainers?loot_cratePrefab.prefab"/>
	<property name="Place" value="TowardsPlacerInverted"/>
	<property name="Material" value="Mmetal_weak"/>
	<property name="Path" value="solid"/>
	<property name="StabilitySupport" value="false"/>
	<property name="Collide" value="movement,melee,bullet,arrow,rocket"/>
	<property class="RepairItems"> <property name="resourceForgedIron" value="10"/> </property>
	<property name="MaxDamage" value="500"/>
	
	<property name="Class" value="Loot"/>
	<property name="LootList" value="257"/>
	<property name="LPHardnessScale" value="8"/>
	<property name="SellableToTrader" value="false"/>
	<drop event="Destroy" name="resourceScrapIron" count="1,3"/>
	<drop event="Fall" name="scrapMetalPile" count="1" prob="0.75" stick_chance="1"/>
</block>
<block name="h7sb_eisenkiste">
	<property name="Extends" value="h7sb_eisenkisteOffen"/>
	<property name="CustomIcon" value="cntLootChestHero"/>
	<property name="Tags" value="door"/>
	<property name="Class" value="SecureLoot"/>
	<property name="MaxDamage" value="2500"/>
	<property name="DowngradeBlock" value="h7sb_eisenkisteOffen"/>
	<drop event="Destroy" name="resourceScrapIron" count="0"/>
</block>

<block name="h7sb_eisenkisteOffen1">
	<property name="CustomIcon" value="cntMunitionsBox"/>
	<property name="CreativeMode" value="Dev"/>
	<property name="DescriptionKey" value="cntSecureStorageChestDesc"/>
	<property name="FilterTags" value="ffurniture"/>
	<property name="Group" value="Decor/Miscellaneous"/>
	
	<property name="Mesh" value="models"/>
	<property name="Shape" value="Ext3dModel"/>
	<property name="Model" value="LootContainers/munitions_box01" param1="main_mesh"/>
	<property name="Place" value="TowardsPlacerInverted"/>
	<property name="Material" value="Mmetal"/>
	<property name="Path" value="solid"/>
	<property name="StabilitySupport" value="false"/>
	<property name="Collide" value="movement,melee,bullet,arrow,rocket"/>
	<property name="ImposterExchange" value="imposterHalf" param1="112"/>
	<property class="RepairItems"> <property name="resourceForgedIron" value="10"/> </property>
	<property name="MaxDamage" value="500"/>
	
	<property name="Class" value="Loot"/>
	<property name="LootList" value="258"/>
	<property name="LPHardnessScale" value="8"/>
	<property name="SellableToTrader" value="false"/>
	<drop event="Destroy" name="resourceScrapIron" count="1,3"/>
	<drop event="Fall" name="scrapMetalPile" count="1" prob="0.75" stick_chance="1"/>
</block>
<block name="h7sb_eisenkiste1">
	<property name="Extends" value="h7sb_eisenkisteOffen1"/>
	<property name="CustomIcon" value="cntMunitionsBox"/>
	<property name="Tags" value="door"/>
	<property name="Class" value="SecureLoot"/>
	<property name="MaxDamage" value="5000"/>
	<property name="DowngradeBlock" value="h7sb_eisenkisteOffen1"/>
	<effect_group name="eihwaz.de" tiered="false"></effect_group>
	<drop event="Destroy" name="resourceScrapIron" count="0"/>
</block>

<block name="h7sb_stahlkisteOffen">
	<property name="CustomIcon" value="cntHardenedChestSecure"/>
	<property name="CreativeMode" value="Dev"/>
	<property name="DescriptionKey" value="cntSecureStorageChestDesc"/>
	<property name="DisplayType" value="blockHardenedMulti"/>
	<property name="FilterTags" value="ffurniture"/>
	<property name="Group" value="Decor/Miscellaneous"/>
	
	<property name="Shape" value="ModelEntity"/>
	<property name="Model" value="#Entities/LootContainers?super_chestPrefab.prefab"/>
	<property name="ModelOffset" value=".5,.5,0"/>
	<property name="MultiBlockDim" value="2,1,1"/>
	<property name="Place" value="TowardsPlacerInverted"/>
	<property name="Material" value="Mmetal_hard"/>
	<property name="Path" value="solid"/>
	<property name="Collide" value="movement,melee,bullet,arrow,rocket"/>
	<property class="RepairItems"> <property name="resourceForgedSteel" value="5"/> </property>
	<property name="ImposterExchange" value="imposterBlock" param1="115"/>
	<property name="MaxDamage" value="1000"/>
	
	<property name="Class" value="Loot"/>
	<property name="LootList" value="259"/>
	<property name="LPHardnessScale" value="8"/>
	<property name="SellableToTrader" value="false"/>
	<drop event="Destroy" name="resourceScrapIron" count="3,6"/>
	<drop event="Fall" name="scrapMetalPile" count="1" prob="0.75" stick_chance="1"/>
</block>
<block name="h7sb_stahlkiste">
	<property name="Extends" value="h7sb_stahlkisteOffen"/>
	<property name="CustomIcon" value="cntHardenedChestSecure"/>
	<property name="Tags" value="door"/>
	<property name="Class" value="SecureLoot"/>
	<property name="MaxDamage" value="7500"/>
	<property name="DowngradeBlock" value="h7sb_stahlkisteOffen"/>
	<drop event="Destroy" name="resourceScrapIron" count="0"/>
</block>

<block name="h7sb_werkzeugkisteOffen">
	<property name="CustomIcon" value="cntToolBoxOpen"/>
	<property name="CreativeMode" value="Dev"/>
	<property name="DescriptionKey" value="cntSecureStorageChestDesc"/>
	<property name="FilterTags" value="ffurniture"/>
	<property name="Group" value="Decor/Miscellaneous"/>
	
	<property name="Shape" value="ModelEntity"/>
	<property name="Model" value="#Entities/LootContainers?metalToolBoxEmptyPrefab.prefab"/>
	<property name="Place" value="TowardsPlacerInverted"/>
	<property name="Material" value="Mmetal_weak"/>
	<property name="Path" value="solid"/>
	<property name="StabilitySupport" value="false"/>
	<property name="Collide" value="movement,melee,bullet,arrow,rocket"/>
	<property class="RepairItems"> <property name="resourceForgedIron" value="10"/> </property>
	<property name="ImposterExclude" value="true"/>
	<property name="MaxDamage" value="500"/>
	
	<property name="Class" value="Loot"/>
	<property name="LootList" value="260"/>
	<property name="LPHardnessScale" value="8"/>
	<property name="SellableToTrader" value="false"/>
	<drop event="Destroy" name="resourceScrapIron" count="1,3"/>
	<drop event="Fall" name="scrapMetalPile" count="1" prob="0.75" stick_chance="1"/>
</block>
<block name="h7sb_werkzeugkiste">
	<property name="Extends" value="h7sb_werkzeugkisteOffen"/>
	<property name="CustomIcon" value="cntToolBoxClosed"/>
	<property name="Tags" value="door"/>
	<property name="Model" value="#Entities/LootContainers?metalToolBoxClosedPrefab.prefab"/>
	<property name="Class" value="SecureLoot"/>
	<property name="MaxDamage" value="1500"/>
	<property name="DowngradeBlock" value="h7sb_werkzeugkisteOffen"/>
	<drop event="Destroy" name="resourceScrapIron" count="0"/>
</block>
<block name="h7sb_werkzeugkisteOffen1">
	<property name="Extends" value="h7sb_werkzeugkisteOffen"/>
	<property name="CustomIcon" value="cntRollingToolBoxOpen"/>
	<property name="CreativeMode" value="Dev"/>
	<property name="Model" value="#Entities/LootContainers?rollingToolChestEmptyPrefab.prefab"/>
	<property name="Material" value="Mmetal"/>
	<property name="ImposterExclude" value="true"/>
	<property name="MaxDamage" value="500"/>
	<property name="LootList" value="261"/>
</block>
<block name="h7sb_werkzeugkiste1">
	<property name="Extends" value="h7sb_werkzeugkisteOffen1"/>
	<property name="CustomIcon" value="cntRollingToolBoxClosed"/>
	<property name="Tags" value="door"/>
	<property name="Model" value="#Entities/LootContainers?rollingToolChestClosedPrefab.prefab"/>
	<property name="Class" value="SecureLoot"/>
	<property name="MaxDamage" value="2500"/>
	<property name="DowngradeBlock" value="h7sb_werkzeugkisteOffen1"/>
	<drop event="Destroy" name="resourceScrapIron" count="0"/>
</block>

<block name="h7sb_kasseOffen">
	<property name="Extends" value="h7sb_werkzeugkisteOffen"/>
	<property name="CustomIcon" value="cntCashRegisterEmpty"/>
	<property name="CreativeMode" value="Dev"/>
	<property name="Model" value="#Entities/LootContainers?cashRegisterEmptyPrefab.prefab"/>
	<property name="Material" value="Mmetal"/>
	<property name="ImposterExclude" value="true"/>
	<property name="ImposterExchange" value="imposterCTREighth" param1="148"/>
	<property name="MaxDamage" value="500"/>
	<property name="LootList" value="262"/>
	<drop event="Destroy" name="resourceScrapIron" count="3,6"/>
</block>
<block name="h7sb_kasse">
	<property name="Extends" value="h7sb_kasseOffen"/>
	<property name="CustomIcon" value="cntCashRegister"/>
	<property name="Tags" value="door"/>
	<property name="Model" value="#Entities/LootContainers?cashRegisterClosedPrefab.prefab"/>
	<property name="Class" value="SecureLoot"/>
	<property name="MaxDamage" value="5000"/>
	<property name="DowngradeBlock" value="h7sb_kasseOffen"/>
	<drop event="Destroy" name="resourceScrapIron" count="0"/>
</block>

<block name="h7sb_wandtresorOffen">
	<property name="CustomIcon" value="cntWallSafe"/>
	<property name="CreativeMode" value="Dev"/>
	<property name="DescriptionKey" value="cntSecureStorageChestDesc"/>
	<property name="FilterTags" value="ffurniture"/>
	<property name="Group" value="Decor/Miscellaneous"/>
	
	<property name="Mesh" value="models"/>
	<property name="Shape" value="Ext3dModel"/>
	<property name="Model" value="LootContainers/safe_wall" param1="main_mesh"/> <property name="HandleFace" value="South"/>
	<property name="Place" value="TowardsPlacerInverted"/>
	<property name="Material" value="Mmetal_hard"/>
	<property name="Path" value="solid"/>
	<property name="StabilitySupport" value="false"/>
	<property name="Collide" value="movement,melee,bullet,arrow,rocket"/>
	<property class="RepairItems"> <property name="resourceForgedSteel" value="5"/> </property>
	<property name="MaxDamage" value="1000"/>
	
	<property name="Class" value="Loot"/>
	<property name="LootList" value="263"/>
	<property name="LPHardnessScale" value="8"/>
	<property name="SellableToTrader" value="false"/>
	<drop event="Destroy" name="resourceScrapIron" count="3,6"/>
	<drop event="Fall" name="scrapMetalPile" count="1" prob="0.75" stick_chance="1"/>
</block>
<block name="h7sb_wandtresor">
	<property name="Extends" value="h7sb_wandtresorOffen"/>
	<property name="CustomIcon" value="cntWallSafe"/>
	<property name="Tags" value="door"/>
	<property name="Class" value="SecureLoot"/>
	<property name="MaxDamage" value="7500"/>
	<property name="DowngradeBlock" value="h7sb_wandtresorOffen"/>
	<drop event="Destroy" name="resourceScrapIron" count="0"/>
</block>

<block name="h7sb_tresorOffen">
	<property name="CustomIcon" value="cntGunSafe"/>
	<property name="CreativeMode" value="Dev"/>
	<property name="DescriptionKey" value="cntSecureStorageChestDesc"/>
	<property name="DisplayType" value="blockHardenedMulti"/>
	<property name="FilterTags" value="ffurniture"/>
	<property name="Group" value="Decor/Miscellaneous"/>
	
	<property name="Shape" value="ModelEntity"/>
	<property name="Model" value="#Entities/LootContainers?gun_safePrefab.prefab"/>
	<property name="MultiBlockDim" value="1,2,1"/>
	<property name="Place" value="TowardsPlacerInverted"/>
	<property name="Material" value="Mmetal_hard"/>
	<property name="Path" value="solid"/>
	<property name="StabilitySupport" value="false"/>
	<property name="Collide" value="movement,melee,bullet,arrow,rocket"/>
	<property class="RepairItems"> <property name="resourceForgedSteel" value="5"/> </property>
	<property name="ImposterExchange" value="imposterBlock" param1="18"/>
	<property name="MaxDamage" value="10000"/>
	
	<property name="Class" value="Loot"/>
	<property name="LootList" value="264"/>
	<property name="LPHardnessScale" value="8"/>
	<property name="SellableToTrader" value="false"/>
	<drop event="Destroy" name="resourceScrapIron" count="3,6"/>
	<drop event="Fall" name="scrapMetalPile" count="1" prob="0.75" stick_chance="1"/>
</block>
<block name="h7sb_tresor">
	<property name="Extends" value="h7sb_tresorOffen"/>
	<property name="CustomIcon" value="cntGunSafe"/>
	<property name="Tags" value="door"/>
	<property name="Class" value="SecureLoot"/>
	<property name="MaxDamage" value="10000"/>
	<property name="DowngradeBlock" value="h7sb_tresorOffen"/>
	<drop event="Destroy" name="resourceScrapIron" count="0"/>
</block>

<block name="h7sb_eisenschreibtischOffen">
	<property name="CustomIcon" value="cntMetalDesk02Open"/>
	<property name="CreativeMode" value="Dev"/>
	<property name="DescriptionKey" value="cntSecureStorageChestDesc"/>
	<property name="DisplayType" value="blockMulti"/>
	<property name="FilterTags" value="ffurniture"/>
	<property name="Group" value="Decor/Miscellaneous"/>
	
	<property name="Mesh" value="models"/>
	<property name="Shape" value="Ext3dModel"/>
	<property name="Model" value="Furniture/desk02_ver2" param1="main_mesh"/>
	<property name="MultiBlockDim" value="2,1,1"/>
	<property name="Place" value="TowardsPlacerInverted"/>
	<property name="Material" value="Mmetal"/>
	<property name="Path" value="solid"/>
	<property name="StabilitySupport" value="false"/>
	<property name="Collide" value="movement,melee,bullet,arrow,rocket"/>
	<property name="ImposterExchange" value="imposterBlock" param1="161"/>
	<property class="RepairItems"> <property name="resourceForgedIron" value="10"/> </property>
	<property name="MaxDamage" value="250"/>
	
	<property name="Class" value="Loot"/>
	<property name="LootList" value="265"/>
	<property name="LPHardnessScale" value="8"/>
	<property name="SellableToTrader" value="false"/>
	<drop event="Destroy" name="resourceScrapIron" count="1,3"/>
	<drop event="Fall" name="scrapMetalPile" count="1" prob="0.75" stick_chance="1"/>
</block>
<block name="h7sb_eisenschreibtisch">
	<property name="Extends" value="h7sb_eisenschreibtischOffen"/>
	<property name="CustomIcon" value="cntMetalDesk02RandomLootHelper"/>
	<property name="Tags" value="door"/>
	<property name="Model" value="Furniture/desk02" param1="main_mesh"/>
	<property name="Class" value="SecureLoot"/>
	<property name="MaxDamage" value="1500"/>
	<property name="DowngradeBlock" value="h7sb_eisenschreibtischOffen"/>
	<drop event="Destroy" name="resourceScrapIron" count="0"/>
</block>

<block name="h7sb_briefkastenOffen">
	<property name="CustomIcon" value="cntMailbox"/>
	<property name="CreativeMode" value="Dev"/>
	<property name="DescriptionKey" value="cntSecureStorageChestDesc"/>
	<property name="DisplayType" value="blockMulti"/>
	<property name="FilterTags" value="ffurniture"/>
	<property name="Group" value="Decor/Miscellaneous"/>
	
	<property name="Mesh" value="models"/>
	<property name="Shape" value="Ext3dModel"/>
	<property name="Model" value="HousingDecor/mailbox" param1="main_mesh"/>
	<property name="Place" value="TowardsPlacer"/>
	<property name="Material" value="Mmetal"/>
	<property name="Path" value="solid"/>
	<property name="StabilitySupport" value="false"/>
	<property name="Collide" value="movement,melee,bullet,arrow,rocket"/>
	<property class="RepairItems"> <property name="resourceForgedIron" value="5"/> </property>
	<property name="MaxDamage" value="250"/>
	
	<property name="Class" value="Loot"/>
	<property name="LootList" value="266"/>
	<property name="LPHardnessScale" value="8"/>
	<property name="SellableToTrader" value="false"/>
	<drop event="Destroy" name="resourceScrapIron" count="1"/>
	<drop event="Fall" name="scrapMetalPile" count="1" prob="0.75" stick_chance="1"/>
</block>
<block name="h7sb_briefkasten">
	<property name="Extends" value="h7sb_briefkastenOffen"/>
	<property name="CustomIcon" value="cntMailbox"/>
	<property name="Tags" value="door"/>
	<property name="Class" value="SecureLoot"/>
	<effect_group name="eih waz.de" tiered="false"></effect_group>
	<property name="DowngradeBlock" value="h7sb_briefkastenOffen"/>
	<drop event="Destroy" name="resourceScrapIron" count="0"/>
</block>

<block name="h7sb_briefkastenOffen1">
	<property name="Extends" value="h7sb_briefkastenOffen"/>
	<property name="CreativeMode" value="Dev"/>
	<property name="CustomIcon" value="cntMailBox01"/>
	<property name="CreativeMode" value="Dev"/>
	<property name="Model" value="LootContainers/mailbox01" param1="main_mesh"/>
	<property name="MultiBlockDim" value="1,2,1"/>
</block>
<block name="h7sb_briefkasten1">
	<property name="Extends" value="h7sb_briefkastenOffen1"/>
	<property name="CustomIcon" value="cntMailBox01"/>
	<property name="Tags" value="door"/>
	<property name="Class" value="SecureLoot"/>
	<property name="DowngradeBlock" value="h7sb_briefkastenOffen1"/>
	<drop event="Destroy" name="resourceScrapIron" count="0"/>
</block>

<block name="h7sb_briefkastenOffen2">
	<property name="Extends" value="h7sb_briefkastenOffen"/>
	<property name="CreativeMode" value="Dev"/>
	<property name="CustomIcon" value="cntMailBox02"/>
	<property name="CreativeMode" value="Dev"/>
	<property name="Model" value="LootContainers/mailbox02" param1="main_mesh"/>
	<property name="MultiBlockDim" value="1,2,1"/>
</block>
<block name="h7sb_briefkasten2">
	<property name="Extends" value="h7sb_briefkastenOffen2"/>
	<property name="CustomIcon" value="cntMailBox02"/>
	<property name="Tags" value="door"/>
	<property name="Class" value="SecureLoot"/>
	<property name="DowngradeBlock" value="h7sb_briefkastenOffen2"/>
	<drop event="Destroy" name="resourceScrapIron" count="0"/>
</block>

<block name="h7sb_briefkastenOffen3">
	<property name="Extends" value="h7sb_briefkastenOffen"/>
	<property name="CreativeMode" value="Dev"/>
	<property name="CustomIcon" value="cntMailBox03"/>
	<property name="CreativeMode" value="Dev"/>
	<property name="Model" value="LootContainers/mailbox03" param1="main_mesh"/>
	<property name="MultiBlockDim" value="1,2,1"/>
</block>
<block name="h7sb_briefkasten3">
	<property name="Extends" value="h7sb_briefkastenOffen3"/>
	<property name="CustomIcon" value="cntMailBox03"/>
	<property name="Tags" value="door"/>
	<property name="Class" value="SecureLoot"/>
	<property name="DowngradeBlock" value="h7sb_briefkastenOffen3"/>
	<drop event="Destroy" name="resourceScrapIron" count="0"/>
</block>

<block name="h7sb_briefkastenHelfer">
	<property name="Extends" value="h7sb_briefkastenOffen"/>
	<property name="CustomIcon" value="cntMailbox"/>
	<property name="ItemTypeIcon" value="all_blocks"/>
	<property name="SelectAlternates" value="true"/>
	<property name="PlaceAltBlockValue" value="h7sb_briefkasten1,h7sb_briefkasten2,h7sb_briefkasten3,h7sb_briefkasten"/>
	<property name="Group" value="Decor/Miscellaneous"/>
</block>

<!-- Eisenbehälter -->
<block name="h7sb_wasserspender">
	<property name="Extends" value="cntWaterCoolerFull"/>
	<property name="CustomIcon" value="cntWaterCoolerFull"/>
	<property name="DescriptionKey" value="furnitureGroupDesc"/>
	<property name="FilterTags" value="ffurniture"/>
	<property name="Place" value="TowardsPlacerInverted"/>
	<property name="Group" value="Decor/Miscellaneous"/>
	<property name="Class" value="Loot"/>
	<property name="LootList" value="267"/>
	<property name="SellableToTrader" value="false"/>
	<drop event="Harvest" name="terrStone" count="0" tool_category="Disassemble"/>
	<drop event="Harvest" name="resourceScrapPolymers" count="0" tag="salvageHarvest"/>
	<drop event="Destroy" name="resourceScrapIron" count="1,3"/>
</block>
<block name="h7sb_kühlfach">
	<property name="Extends" value="cntBeerCooler"/>
	<property name="CustomIcon" value="cntBeerCooler"/>
	<property name="DescriptionKey" value="furnitureGroupDesc"/>
	<property name="FilterTags" value="ffurniture"/>
	<property name="Group" value="Decor/Miscellaneous"/>
	<property name="Class" value="Loot"/>
	<property name="LootList" value="268"/>
	<property name="SellableToTrader" value="false"/>
	<drop event="Harvest" name="terrStone" count="0" tool_category="Disassemble"/>
	<drop event="Harvest" name="resourceElectricParts" count="0" tag="salvageHarvest"/>
	<drop event="Harvest" name="resourceMetalPipe" count="0" tag="salvageHarvest"/>
	<drop event="Destroy" name="resourceScrapIron" count="1,3"/>
</block>
<block name="h7sb_kühlbox">
	<property name="Extends" value="cntCoolerClosed"/>
	<property name="CustomIcon" value="cntCoolerClosed"/>
	<property name="DescriptionKey" value="furnitureGroupDesc"/>
	<property name="FilterTags" value="ffurniture"/>
	<property name="Group" value="Decor/Miscellaneous"/>
	<property name="Class" value="Loot"/>
	<property name="LootList" value="267"/>
	<property name="SellableToTrader" value="false"/>
	<drop event="Destroy" name="resourceScrapPolymers" count="0" tag="oreWoodHarvest"/>
	<drop event="Destroy" name="resourceScrapIron" count="1,3"/>
</block>
<block name="h7sb_kühlschrank">
	<property name="Extends" value="cntFridgeStainlessSteel"/>
	<property name="CustomIcon" value="cntFridgeStainlessSteel"/>
	<property name="DescriptionKey" value="furnitureGroupDesc"/>
	<property name="FilterTags" value="ffurniture"/>
	<property name="Place" value="TowardsPlacerInverted"/>
	<property name="Group" value="Decor/Miscellaneous"/>
	<property name="Class" value="Loot"/>
	<property name="LootList" value="269"/>
	<property name="SellableToTrader" value="false"/>
	<drop event="Harvest" name="terrStone" count="0" tool_category="Disassemble"/>
	<drop event="Harvest" name="resourceMechanicalParts" count="0" prob="0" tag="salvageHarvest"/>
	<drop event="Harvest" name="resourceElectricParts" count="0" tag="salvageHarvest"/>
	<drop event="Harvest" name="resourceMetalPipe" count="0" tag="salvageHarvest"/>
	<drop event="Harvest" name="resourceScrapPolymers" count="0" prob="0" tag="salvageHarvest"/>
	<drop event="Destroy" name="resourceScrapIron" count="1,3"/>
</block>
<block name="h7sb_kühlschrank1">
	<property name="Extends" value="cntRetroFridgeVer1Closed"/>
	<property name="CustomIcon" value="cntRetroFridgeVer1Closed"/>
	<property name="DescriptionKey" value="furnitureGroupDesc"/>
	<property name="FilterTags" value="ffurniture"/>
	<property name="Place" value="TowardsPlacerInverted"/>
	<property name="Group" value="Decor/Miscellaneous"/>
	<property name="Class" value="Loot"/>
	<property name="LootList" value="269"/>
	<property name="SellableToTrader" value="false"/>
	<drop event="Harvest" name="terrStone" count="0" tool_category="Disassemble"/>
	<drop event="Harvest" name="resourceMechanicalParts" count="0" prob="0" tag="salvageHarvest"/>
	<drop event="Harvest" name="resourceElectricParts" count="0" tag="salvageHarvest"/>
	<drop event="Harvest" name="resourceMetalPipe" count="0" tag="salvageHarvest"/>
	<drop event="Harvest" name="resourceScrapPolymers" count="0" prob="0" tag="salvageHarvest"/>
	<drop event="Destroy" name="resourceScrapIron" count="1,3"/>
</block>

<block name="h7sb_spind">
	<property name="Extends" value="cntLockersShortClosed"/>
	<property name="CustomIcon" value="cntLockersShortClosed"/>
	<property name="DescriptionKey" value="furnitureGroupDesc"/>
	<property name="FilterTags" value="ffurniture"/>
	<property name="Group" value="Decor/Miscellaneous"/>
	<property name="Class" value="Loot"/>
	<property name="LootList" value="270"/>
	<property name="SellableToTrader" value="false"/>
	<drop event="Harvest" name="resourceScrapIron" count="0" tag="allHarvest"/>
	<drop event="Destroy" name="resourceScrapIron" count="1,3"/>
</block>
<block name="h7sb_spind1">
	<property name="Extends" value="cntLockersTallClosed"/>
	<property name="CustomIcon" value="cntLockersTallClosed"/>
	<property name="DescriptionKey" value="furnitureGroupDesc"/>
	<property name="FilterTags" value="ffurniture"/>
	<property name="Group" value="Decor/Miscellaneous"/>
	<property name="Class" value="Loot"/>
	<property name="LootList" value="270"/>
	<property name="SellableToTrader" value="false"/>
	<drop event="Harvest" name="resourceScrapIron" count="0" tag="allHarvest"/>
	<drop event="Destroy" name="resourceScrapIron" count="1,3"/>
</block>
<block name="h7sb_spind2">
	<property name="Extends" value="cntLockersTallDoubleClosed"/>
	<property name="CustomIcon" value="cntLockersTallDoubleClosed"/>
	<property name="DescriptionKey" value="furnitureGroupDesc"/>
	<property name="FilterTags" value="ffurniture"/>
	<property name="Group" value="Decor/Miscellaneous"/>
	<property name="Class" value="Loot"/>
	<property name="LootList" value="270"/>
	<property name="SellableToTrader" value="false"/>
	<drop event="Harvest" name="resourceScrapIron" count="0" tag="allHarvest"/>
	<drop event="Destroy" name="resourceScrapIron" count="1,3"/>
</block>
<block name="h7sb_spind3">
	<property name="Extends" value="cntLockersTallMixClosed"/>
	<property name="CustomIcon" value="cntLockersTallMixClosed"/>
	<property name="DescriptionKey" value="furnitureGroupDesc"/>
	<property name="FilterTags" value="ffurniture"/>
	<property name="Group" value="Decor/Miscellaneous"/>
	<property name="Class" value="Loot"/>
	<property name="LootList" value="270"/>
	<property name="SellableToTrader" value="false"/>
	<drop event="Harvest" name="resourceScrapIron" count="0" tag="allHarvest"/>
	<drop event="Destroy" name="resourceScrapIron" count="1,3"/>
</block>
<block name="h7sb_spind4">
	<property name="Extends" value="cntLockersTallMixLinkClosed"/>
	<property name="CustomIcon" value="cntLockersTallMixLinkClosed"/>
	<property name="DescriptionKey" value="furnitureGroupDesc"/>
	<property name="FilterTags" value="ffurniture"/>
	<property name="Group" value="Decor/Miscellaneous"/>
	<property name="Class" value="Loot"/>
	<property name="LootList" value="270"/>
	<property name="SellableToTrader" value="false"/>
	<drop event="Harvest" name="resourceScrapIron" count="0" tag="allHarvest"/>
	<drop event="Destroy" name="resourceScrapIron" count="1,3"/>
</block>

<block name="h7sb_papierkorb">
	<property name="Extends" value="cntBin"/>
	<property name="CustomIcon" value="cntBin"/>
	<property name="DescriptionKey" value="furnitureGroupDesc"/>
	<property name="FilterTags" value="ffurniture"/>
	<property name="Group" value="Decor/Miscellaneous"/>
	<property name="Class" value="Loot"/>
	<property name="LootList" value="271"/>
	<property name="SellableToTrader" value="false"/>
	<property class="RepairItems"> <property name="resourceScrapPolymers" value="1"/> </property>
	<drop event="Destroy" name="resourceScrapPolymers" count="1,3"/>
</block>
<block name="h7sb_mülleimer">
	<property name="Extends" value="cntTrash_can01"/>
	<property name="CustomIcon" value="cntTrash_can01"/>
	<property name="DescriptionKey" value="furnitureGroupDesc"/>
	<property name="FilterTags" value="ffurniture"/>
	<property name="Group" value="Decor/Miscellaneous"/>
	<property name="Class" value="Loot"/>
	<property name="LootList" value="272"/>
	<property name="SellableToTrader" value="false"/>
	<drop event="Destroy" name="resourceScrapIron" count="1,3"/>
</block>
<block name="h7sb_mülleimer1">
	<property name="Extends" value="cntDomedTrashCanEmpty"/>
	<property name="CustomIcon" value="cntDomedTrashCanEmpty"/>
	<property name="DescriptionKey" value="furnitureGroupDesc"/>
	<property name="FilterTags" value="ffurniture"/>
	<property name="Group" value="Decor/Miscellaneous"/>
	<property name="Class" value="Loot"/>
	<property name="LootList" value="72"/>
	<property name="SellableToTrader" value="false"/>
	<drop event="Destroy" name="resourceScrapIron" count="1,3"/>
</block>
<block name="h7sb_mülleimer2">
	<property name="Extends" value="cntFancyGarbageCan"/>
	<property name="CustomIcon" value="cntFancyGarbageCan"/>
	<property name="DescriptionKey" value="furnitureGroupDesc"/>
	<property name="FilterTags" value="ffurniture"/>
	<property name="Group" value="Decor/Miscellaneous"/>
	<property name="Class" value="Loot"/>
	<property name="LootList" value="272"/>
	<property name="SellableToTrader" value="false"/>
	<drop event="Destroy" name="resourceScrapIron" count="1,3"/>
</block>

<block name="h7sb_kleiderhaken">
	<property name="Extends" value="cntClothesRackWallLongSleeve"/>
	<property name="CustomIcon" value="cntClothesRackWallLongSleeve"/>
	<property name="DescriptionKey" value="furnitureGroupDesc"/>
	<property name="FilterTags" value="ffurniture"/>
	<property name="Group" value="Decor/Miscellaneous"/>
	<property name="Class" value="Loot"/>
	<property name="LootList" value="273"/>
	<property name="SellableToTrader" value="false"/>
	<drop event="Harvest" name="resourceScrapIron" count="0" tag="allHarvest"/>
	<drop event="Destroy" name="resourceScrapIron" count="1,3"/>
</block>
<block name="h7sb_kleiderhaken1">
	<property name="Extends" value="cntClothesRackWallPants"/>
	<property name="CustomIcon" value="cntClothesRackWallPants"/>
	<property name="DescriptionKey" value="furnitureGroupDesc"/>
	<property name="FilterTags" value="ffurniture"/>
	<property name="Group" value="Decor/Miscellaneous"/>
	<property name="Class" value="Loot"/>
	<property name="LootList" value="273"/>
	<property name="SellableToTrader" value="false"/>
	<drop event="Harvest" name="resourceScrapIron" count="0" tag="allHarvest"/>
	<drop event="Destroy" name="resourceScrapIron" count="1,3"/>
</block>
<block name="h7sb_kleiderständer">
	<property name="Extends" value="cntClothesRackRoundShirts" param1="DowngradeBlock"/>
	<property name="CustomIcon" value="cntClothesRackRoundShirts"/>
	<property name="DescriptionKey" value="furnitureGroupDesc"/>
	<property name="FilterTags" value="ffurniture"/>
	<property name="Group" value="Decor/Miscellaneous"/>
	<property name="Class" value="Loot"/>
	<property name="LootList" value="273"/>
	<property name="SellableToTrader" value="false"/>
	<drop event="Harvest" name="resourceScrapIron" count="0" tag="allHarvest"/>
	<drop event="Destroy" name="resourceScrapIron" count="1,3"/>
</block>
<block name="h7sb_kleiderständer1">
	<property name="Extends" value="cntClothesRackRoundPants" param1="DowngradeBlock"/>
	<property name="CustomIcon" value="cntClothesRackRoundPants"/>
	<property name="DescriptionKey" value="furnitureGroupDesc"/>
	<property name="FilterTags" value="ffurniture"/>
	<property name="Group" value="Decor/Miscellaneous"/>
	<property name="Class" value="Loot"/>
	<property name="LootList" value="273"/>
	<property name="SellableToTrader" value="false"/>
	<drop event="Harvest" name="resourceScrapIron" count="0" tag="allHarvest"/>
	<drop event="Destroy" name="resourceScrapIron" count="1,3"/>
</block>
<block name="h7sb_kleiderständer2">
	<property name="Extends" value="cntStoreShelfSingleBottomShoesFull"/>
	<property name="CustomIcon" value="cntStoreShelfSingleBottomShoesFull"/>
	<property name="DescriptionKey" value="furnitureGroupDesc"/>
	<property name="FilterTags" value="ffurniture"/>
	<property name="Group" value="Decor/Miscellaneous"/>
	<property name="Class" value="Loot"/>
	<property name="LootList" value="273"/>
	<property name="SellableToTrader" value="false"/>
	<drop event="Destroy" name="resourceScrapIron" count="1,3"/>
</block>

<block name="h7sb_eisenfassUnten">
	<property name="CustomIcon" value="cntBarrelAcidQuadA"/>
	<property name="DescriptionKey" value="furnitureGroupDesc"/>
	<property name="FilterTags" value="ffurniture"/>
	<property name="Group" value="Decor/Miscellaneous"/>
	
	<property name="Shape" value="ModelEntity"/>
	<property name="Model" value="Entities/Industrial/barrelAcidQuadAPrefab"/>
	<property name="Place" value="TowardsPlacerInverted"/>
	<property name="Material" value="Mmetal_medium"/>
	<property name="Path" value="solid"/>
	<property name="Collide" value="movement,melee,bullet,arrow,rocket"/>
	<property class="RepairItems"> <property name="resourceScrapIron" value="10"/> </property>
	
	<property name="Class" value="Loot"/>
	<property name="LootList" value="274"/>
	<property name="SellableToTrader" value="false"/>
	<drop event="Destroy" name="resourceScrapIron" count="1,3"/>
	<drop event="Fall" name="scrapMetalPile" count="1" prob="0.33" stick_chance="1"/>
</block>
<block name="h7sb_eisenfassOben">
	<property name="Extends" value="h7sb_eisenfassUnten"/>
	<property name="CustomIcon" value="cntBarrelAcidQuadB"/>
	<effect_group name="eihwa z.de" tiered="false"></effect_group>
	<property name="Model" value="Entities/Industrial/barrelAcidQuadBPrefab"/>
</block>
<block name="h7sb_eisenfassUnten1">
	<property name="Extends" value="h7sb_eisenfassUnten"/>
	<property name="CustomIcon" value="cntBarrelGasQuadA"/>
	<property name="Model" value="Entities/Industrial/barrelGasQuadAPrefab"/>
</block>
<block name="h7sb_eisenfassOben1">
	<property name="Extends" value="h7sb_eisenfassUnten"/>
	<property name="CustomIcon" value="cntBarrelGasQuadB"/>
	<property name="Model" value="Entities/Industrial/barrelGasQuadBPrefab"/>
</block>
<block name="h7sb_eisenfassUnten2">
	<property name="Extends" value="h7sb_eisenfassUnten"/>
	<property name="CustomIcon" value="cntBarrelOilQuadA"/>
	<property name="Model" value="Entities/Industrial/barrelOilQuadAPrefab"/>
</block>
<block name="h7sb_eisenfassOben2">
	<property name="Extends" value="h7sb_eisenfassUnten"/>
	<property name="CustomIcon" value="cntBarrelOilQuadB"/>
	<property name="Model" value="Entities/Industrial/barrelOilQuadBPrefab"/>
</block>
<block name="h7sb_eisenfassUnten3">
	<property name="Extends" value="h7sb_eisenfassUnten"/>
	<property name="CustomIcon" value="cntBarrelPlasticQuadA"/>
	<property name="Model" value="Entities/Industrial/barrelPlasticQuadAPrefab"/>
</block>
<block name="h7sb_eisenfassOben3">
	<property name="Extends" value="h7sb_eisenfassUnten"/>
	<property name="CustomIcon" value="cntBarrelPlasticQuadB"/>
	<property name="Model" value="Entities/Industrial/barrelPlasticQuadBPrefab"/>
</block>
<block name="h7sb_eisenfassUnten4">
	<property name="Extends" value="h7sb_eisenfassUnten"/>
	<property name="CustomIcon" value="cntBarrelRadiatedQuadA"/>
	<property name="Model" value="Entities/Industrial/barrelRadiatedQuadAPrefab"/>
</block>
<block name="h7sb_eisenfassOben4">
	<property name="Extends" value="h7sb_eisenfassUnten"/>
	<property name="CustomIcon" value="cntBarrelRadiatedQuadB"/>
	<property name="Model" value="Entities/Industrial/barrelRadiatedQuadBPrefab"/>
</block>

<block name="h7sb_ofen">
	<property name="Extends" value="cntWallOven"/>
	<property name="CustomIcon" value="cntWallOven"/>
	<property name="DescriptionKey" value="furnitureGroupDesc"/>
	<property name="FilterTags" value="ffurniture"/>
	<property name="Group" value="Decor/Miscellaneous"/>
	<property name="Class" value="Loot"/>
	<property name="LootList" value="275"/>
	<property name="SellableToTrader" value="false"/>
	<drop event="Harvest" name="terrStone" count="0" tool_category="Disassemble"/>
	<drop event="Harvest" name="resourceMechanicalParts" count="0" tag="salvageHarvest"/>
	<drop event="Harvest" name="resourceMetalPipe" count="0" tag="salvageHarvest"/>
	<drop event="Destroy" name="resourceScrapIron" count="1,3"/>
</block>
<block name="h7sb_ofen1">
	<property name="Extends" value="cntStoveOldVer1Closed"/>
	<property name="CustomIcon" value="cntStoveOldVer1Closed"/>
	<property name="DescriptionKey" value="furnitureGroupDesc"/>
	<property name="FilterTags" value="ffurniture"/>
	<property name="Group" value="Decor/Miscellaneous"/>
	<property name="Class" value="Loot"/>
	<property name="LootList" value="275"/>
	<property name="SellableToTrader" value="false"/>
	<drop event="Harvest" name="terrStone" count="0" tool_category="Disassemble"/>
	<drop event="Harvest" name="resourceElectricParts" count="0" tag="salvageHarvest"/>
	<drop event="Destroy" name="resourceScrapIron" count="1,3"/>
</block>
<block name="h7sb_waschmaschine">
	<property name="Extends" value="cntWashingMachine"/>
	<property name="CustomIcon" value="cntWashingMachine"/>
	<property name="DescriptionKey" value="furnitureGroupDesc"/>
	<property name="FilterTags" value="ffurniture"/>
	<property name="Group" value="Decor/Miscellaneous"/>
	<property name="Class" value="Loot"/>
	<property name="LootList" value="276"/>
	<property name="SellableToTrader" value="false"/>
	<drop event="Harvest" name="terrStone" count="0" tool_category="Disassemble"/>
	<drop event="Harvest" name="resourceMetalPipe" count="0" tag="salvageHarvest"/>
	<drop event="Harvest" name="resourceMechanicalParts" count="0" tag="salvageHarvest"/>
	<drop event="Harvest" name="resourceElectricParts" count="0" tag="salvageHarvest"/>
	<drop event="Destroy" name="resourceScrapIron" count="1,3"/>
</block>
<block name="h7sb_abfallpresse">
	<property name="Extends" value="cntTrashCompactor"/>
	<property name="CustomIcon" value="cntTrashCompactor"/>
	<property name="DescriptionKey" value="furnitureGroupDesc"/>
	<property name="FilterTags" value="ffurniture"/>
	<property name="Group" value="Decor/Miscellaneous"/>
	<property name="Class" value="Loot"/>
	<property name="LootList" value="276"/>
	<property name="SellableToTrader" value="false"/>
	<drop event="Harvest" name="terrStone" count="0" tool_category="Disassemble"/>
	<drop event="Harvest" name="resourceMechanicalParts" count="0" tag="salvageHarvest"/>
	<drop event="Harvest" name="resourceElectricParts" count="0" tag="salvageHarvest"/>
	<drop event="Destroy" name="resourceScrapIron" count="1,3"/>
</block>

<block name="h7sb_eisentischRund">
	<property name="Extends" value="decoTableRound"/>
	<property name="CustomIcon" value="decoTableRound"/>
	<property name="FilterTags" value="ffurniture"/>
	<property name="Group" value="Decor/Miscellaneous"/>
	<property name="SellableToTrader" value="false"/>
	<drop event="Harvest" name="resourceScrapIron" count="0" tag="allHarvest"/>
	<drop event="Destroy" name="resourceScrapIron" count="1,3"/>
</block>
<block name="h7sb_eisentischRund1">
	<property name="Extends" value="metalTablePillar0.025CTR"/>
	<property name="CustomIcon" value="metalTablePillar0.025CTR"/>
	<property name="FilterTags" value="ffurniture"/>
	<property name="Group" value="Decor/Miscellaneous"/>
	<property name="SellableToTrader" value="false"/>
	<drop event="Harvest" name="resourceScrapIron" count="0" tag="allHarvest"/>
	<drop event="Destroy" name="resourceScrapIron" count="1,3"/>
</block>

<block name="h7sb_badewanne">
	<property name="Extends" value="decoClawFootBathTub"/>
	<property name="CustomIcon" value="decoClawFootBathTub"/>
	<property name="FilterTags" value="ffurniture"/>
	<property name="Group" value="Decor/Miscellaneous"/>
	<property name="SellableToTrader" value="false"/>
	<drop event="Harvest" name="resourceScrapIron" count="0" tag="allHarvest"/>
	<drop event="Destroy" name="resourceScrapIron" count="1,3"/>
</block>

<!-- Holzbehälter -->
<block name="h7sb_lagerkiste">
	<property name="CustomIcon" value="cntStorageGeneric"/>
	<property name="DescriptionKey" value="furnitureGroupDesc"/>
	<property name="FilterTags" value="ffurniture"/>
	<property name="Group" value="Decor/Miscellaneous"/>
	
	<property name="Shape" value="New"/>
	<property name="Model" value="cube"/>
	<property name="Place" value="TowardsPlacerInverted"/>
	<property name="Material" value="MwoodReinforced"/>
	<property name="Texture" value="572"/>
	<property name="MaxDamage" value="300"/>
	<property name="Path" value="solid"/>
	<property name="UseGlobalUV" value="L,L,G,G,G,G"/>
	<property name="Collide" value="movement,melee,bullet,arrow,rocket"/>
	<property class="RepairItems"> <property name="resourceWood" value="10"/> </property>
	
	<property name="Class" value="Loot"/>
	<property name="LootList" value="277"/>
	<property name="FuelValue" value="300"/>
	<property name="SellableToTrader" value="false"/>
	<drop event="Destroy" name="resourceWood" count="1,3"/>
	<drop event="Fall" name="terrDestroyedWoodDebris" count="1" prob="0.33" stick_chance="1"/>
</block>
<block name="h7sb_lagerkiste1">
	<property name="Extends" value="h7sb_lagerkiste"/>
	<property name="CustomIcon" value="cntShippingCrateShamway"/>
	<property name="Shape" value="ModelEntity"/>
	<property name="Model" value="#Entities/LootContainers?crate_store_ShamwayPrefab.prefab"/>
</block>
<block name="h7sb_lagerkiste2">
	<property name="Extends" value="h7sb_lagerkiste1"/>
	<property name="CustomIcon" value="cntShippingCrateLabEquipment"/>
	<property name="Model" value="#Entities/LootContainers?crate_store_PopNPillsPrefab.prefab"/>
</block>
<block name="h7sb_lagerkiste3">
	<property name="Extends" value="h7sb_lagerkiste1"/>
	<property name="CustomIcon" value="cntShippingCrateBookstore"/>
	<property name="Model" value="#Entities/LootContainers?crate_store_CrackABookPrefab.prefab"/>
</block>
<block name="h7sb_lagerkiste4">
	<property name="Extends" value="h7sb_lagerkiste1"/>
	<property name="CustomIcon" value="cntShippingCrateCarParts"/>
	<property name="Model" value="#Entities/LootContainers?crate_store_PassNGasPrefab.prefab"/>
</block>
<block name="h7sb_lagerkiste5">
	<property name="Extends" value="h7sb_lagerkiste1"/>
	<property name="CustomIcon" value="cntShippingCrateShotgunMessiah"/>
	<property name="Model" value="#Entities/LootContainers?crate_store_ShotgunPrefab.prefab"/>
</block>
<block name="h7sb_lagerkiste6">
	<property name="Extends" value="h7sb_lagerkiste1"/>
	<property name="CustomIcon" value="cntShippingCrateWorkingStiffs"/>
	<property name="Model" value="#Entities/LootContainers?crate_store_WorkingStiffsPrefab.prefab"/>
</block>
<block name="h7sb_lagerkiste7">
	<property name="Extends" value="h7sb_lagerkiste1"/>
	<property name="CustomIcon" value="cntShippingCrateSavageCountry"/>
	<property name="Model" value="#Entities/LootContainers?crate_store_SavagePrefab.prefab"/>
</block>
<block name="h7sb_lagerkiste8">
	<property name="Extends" value="h7sb_lagerkiste1"/>
	<property name="CustomIcon" value="cntShippingCrateMoPowerElectronics"/>
	<property name="Model" value="#Entities/LootContainers?crate_store_MoPowerPrefab.prefab"/>
</block>

<block name="h7sb_schrankRot">
	<property name="CustomIcon" value="cntCupboardCabinetRedTopLootHelper"/>
	<property name="DescriptionKey" value="furnitureGroupDesc"/>
	<property name="FilterTags" value="ffurniture"/>
	<property name="Group" value="Decor/Miscellaneous"/>
	
	<property name="Shape" value="New"/>
	<property name="Model" value="cupboard"/>
	<property name="Place" value="TowardsPlacerInverted"/>
	<property name="Material" value="Mwood_weak"/>
	<property name="Texture" value="345,345,263,345,345,345"/>
	<property name="Path" value="solid"/>
	<property name="Collide" value="movement,melee,bullet,arrow,rocket"/>
	<property class="RepairItems"> <property name="resourceWood" value="10"/> </property>
	
	<property name="Class" value="Loot"/>
	<property name="LootList" value="278"/>
	<property name="FuelValue" value="150"/>
	<property name="SellableToTrader" value="false"/>
	<drop event="Destroy" name="resourceWood" count="1,3"/>
	<drop event="Fall" name="terrDestroyedWoodDebris" count="1" prob="0.33" stick_chance="1"/>
</block>
<block name="h7sb_schrankRot1">
	<property name="Extends" value="h7sb_schrankRot"/>
	<property name="CustomIcon" value="cntCupboardCabinetFullRedTopClosed"/>
	<property name="Model" value="cube"/>
</block>
<block name="h7sb_schrankRot2">
	<property name="Extends" value="h7sb_schrankRot"/>
	<property name="CustomIcon" value="cntCupboardCornerCNRRed"/>
	<property name="Model" value="cupboard_corner"/>
</block>
<block name="h7sb_schrankRot3">
	<property name="Extends" value="h7sb_schrankRot1"/>
	<property name="CustomIcon" value="cntCabinetBottomFiller"/>
	<property name="Texture" value="261,345,262,345,345,345"/>
</block>
<block name="h7sb_spüleRot">
	<property name="Extends" value="h7sb_schrankRot" param1="Class,LootList"/>
	<property name="CustomIcon" value="cntGraniteSink"/>
	<property name="Shape" value="New"/>
	<property name="Model" value="counter_sink"/>
	<property name="Texture" value="373,261,262,345,345,345"/>
</block>
<block name="h7sb_thekeRot">
	<property name="Extends" value="h7sb_schrankRot1" param1="Class,LootList"/>
	<property name="CustomIcon" value="cntCabinetBottomFiller"/>
	<property name="Texture" value="261,345,345,345,345,345"/>
</block>

<block name="h7sb_schrankSchwarz">
	<property name="CustomIcon" value="cntCupboardCabinetRedTopLootHelper"/>
	<property name="CustomIconTint" value="696969"/>
	<property name="DescriptionKey" value="furnitureGroupDesc"/>
	<property name="FilterTags" value="ffurniture"/>
	<property name="Group" value="Decor/Miscellaneous"/>
	
	<property name="Shape" value="New"/>
	<property name="Model" value="cupboard"/>
	<property name="Place" value="TowardsPlacerInverted"/>
	<property name="Material" value="Mwood_weak"/>
	<property name="Texture" value="382,382,337,382,382,382"/>
	<property name="Path" value="solid"/>
	<property name="Collide" value="movement,melee,bullet,arrow,rocket"/>
	<property class="RepairItems"> <property name="resourceWood" value="10"/> </property>
	
	<property name="Class" value="Loot"/>
	<property name="LootList" value="278"/>
	<property name="FuelValue" value="150"/>
	<property name="SellableToTrader" value="false"/>
	<drop event="Destroy" name="resourceWood" count="1,3"/>
	<drop event="Fall" name="terrDestroyedWoodDebris" count="1" prob="0.33" stick_chance="1"/>
</block>
<block name="h7sb_schrankSchwarz1">
	<property name="Extends" value="h7sb_schrankSchwarz"/>
	<property name="CustomIcon" value="cntCupboardCabinetFullRedTopClosed"/>
	<property name="Model" value="cube"/>
</block>
<block name="h7sb_schrankSchwarz2">
	<property name="Extends" value="h7sb_schrankSchwarz"/>
	<property name="CustomIcon" value="cntCupboardCornerCNRRed"/>
	<property name="Model" value="cupboard_corner"/>
</block>
<block name="h7sb_schrankSchwarz3">
	<property name="Extends" value="h7sb_schrankSchwarz1"/>
	<property name="CustomIcon" value="cntCabinetBottomFiller"/>
	<property name="Texture" value="261,382,335,382,382,382"/>
</block>
<block name="h7sb_spüleSchwarz">
	<property name="Extends" value="h7sb_schrankSchwarz" param1="Class,LootList"/>
	<property name="CustomIcon" value="cntGraniteSink"/>
	<property name="Shape" value="New"/>
	<property name="Model" value="counter_sink"/>
	<property name="Texture" value="373,261,335,382,382,382"/>
</block>
<block name="h7sb_schrankSchwarz4">
	<property name="Extends" value="h7sb_schrankSchwarz1"/>
	<property name="CustomIcon" value="cntCabinetBottomFiller"/>
	<property name="Texture" value="261,382,336,382,382,382"/>
</block>

<block name="h7sb_schrankBraun">
	<property name="CustomIcon" value="cntCupboardCabinetOldTopLootHelper"/>
	<property name="DescriptionKey" value="furnitureGroupDesc"/>
	<property name="FilterTags" value="ffurniture"/>
	<property name="Group" value="Decor/Miscellaneous"/>
	
	<property name="Shape" value="New"/>
	<property name="Model" value="cupboard"/>
	<property name="Place" value="TowardsPlacerInverted"/>
	<property name="Material" value="Mwood_weak"/>
	<property name="Texture" value="84,84,81,84,84,84"/>
	<property name="Path" value="solid"/>
	<property name="Collide" value="movement,melee,bullet,arrow,rocket"/>
	<property class="RepairItems"> <property name="resourceWood" value="10"/> </property>
	
	<property name="Class" value="Loot"/>
	<property name="LootList" value="278"/>
	<property name="FuelValue" value="150"/>
	<effect_group name="ei hwaz.de" tiered="false"></effect_group>
	<property name="SellableToTrader" value="false"/>
	<drop event="Destroy" name="resourceWood" count="1,3"/>
	<drop event="Fall" name="terrDestroyedWoodDebris" count="1" prob="0.33" stick_chance="1"/>
</block>
<block name="h7sb_schrankBraun1">
	<property name="Extends" value="h7sb_schrankBraun"/>
	<property name="CustomIcon" value="cntCupboardCabinetFullOldTopClosed"/>
	<property name="Model" value="cube"/>
</block>
<block name="h7sb_schrankBraun2">
	<property name="Extends" value="h7sb_schrankBraun"/>
	<property name="CustomIcon" value="cntCupboardCornerCNROld"/>
	<property name="Model" value="cupboard_corner"/>
</block>
<block name="h7sb_schrankBraun3">
	<property name="Extends" value="h7sb_schrankBraun1"/>
	<property name="CustomIcon" value="cntCabinetOldBottomLootHelper"/>
	<property name="Texture" value="78,84,79,84,84,84"/>
</block>
<block name="h7sb_spüleBraun">
	<property name="Extends" value="h7sb_schrankBraun" param1="Class,LootList"/>
	<property name="CustomIcon" value="cntCabinetOldSink"/>
	<property name="Shape" value="New"/>
	<property name="Model" value="counter_sink"/>
	<property name="Texture" value="374,78,79,84,84,84"/>
</block>
<block name="h7sb_thekeBraun">
	<property name="Extends" value="h7sb_schrankBraun1" param1="Class,LootList"/>
	<property name="CustomIcon" value="cntCabinetOldBottomLootHelper"/>
	<property name="Texture" value="78,84,84,84,84,84"/>
</block>

<!--<block name="h7sb_pappstapel">
	<property name="Extends" value="palletCompressedCardboard"/>
	<property name="CustomIcon" value="palletCompressedCardboard"/>
	<property name="DescriptionKey" value="furnitureGroupDesc"/>
	<property name="FilterTags" value="ffurniture"/>
	<property name="Group" value="Decor/Miscellaneous"/>
	<property name="Class" value="Loot"/>
	<property name="LootList" value="256"/>
	<drop event="Harvest" name="resourcePaper" count="0" tag="allHarvest"/>
	<drop event="Destroy" name="resourceWood" count="1,3"/>
</block>-->
<block name="h7sb_holzstapel">
	<property name="Extends" value="modularFireWoodStackA"/>
	<property name="CustomIcon" value="modularFireWoodStackA"/>
	<property name="DescriptionKey" value="furnitureGroupDesc"/>
	<property name="FilterTags" value="ffurniture"/>
	<property name="Group" value="Decor/Miscellaneous"/>
	<property name="Class" value="Loot"/>
	<property name="LootList" value="279"/>
	<drop event="Harvest" name="resourceWood" count="0" tag="oreWoodHarvest"/>
	<drop event="Destroy" name="resourceWood" count="1,3"/>
</block>
<block name="h7sb_holzstapel1">
	<property name="Extends" value="modularFireWoodStackB"/>
	<property name="CustomIcon" value="modularFireWoodStackB"/>
	<property name="DescriptionKey" value="furnitureGroupDesc"/>
	<property name="FilterTags" value="ffurniture"/>
	<property name="Group" value="Decor/Miscellaneous"/>
	<property name="Class" value="Loot"/>
	<property name="LootList" value="279"/>
	<drop event="Harvest" name="resourceWood" count="0" tag="oreWoodHarvest"/>
	<drop event="Destroy" name="resourceWood" count="1,3"/>
</block>
<block name="h7sb_kistenstapel">
	<property name="Extends" value="palletBrownBoxesBase"/>
	<property name="CustomIcon" value="palletBrownBoxesBase"/>
	<property name="DescriptionKey" value="furnitureGroupDesc"/>
	<property name="FilterTags" value="ffurniture"/>
	<property name="Group" value="Decor/Miscellaneous"/>
	<property name="Class" value="Loot"/>
	<property name="LootList" value="279"/>
	<drop event="Harvest" name="resourcePaper" count="0" tag="allHarvest"/>
	<drop event="Harvest" name="resourceScrapPolymers" count="0" tag="allHarvest"/>
	<drop event="Destroy" name="resourceWood" count="1,3"/>
	<drop event="Fall" name="terrDestroyedWoodDebris" count="1" prob="0.33" stick_chance="1"/>
</block>
<block name="h7sb_kistenstapel1">
	<property name="Extends" value="palletBrownBoxesTile"/>
	<property name="CustomIcon" value="palletBrownBoxesTile"/>
	<property name="DescriptionKey" value="furnitureGroupDesc"/>
	<property name="FilterTags" value="ffurniture"/>
	<property name="Group" value="Decor/Miscellaneous"/>
	<property name="Class" value="Loot"/>
	<property name="LootList" value="279"/>
	<drop event="Harvest" name="resourcePaper" count="0" tag="allHarvest"/>
	<drop event="Harvest" name="resourceScrapPolymers" count="0" tag="allHarvest"/>
	<drop event="Destroy" name="resourceWood" count="1,3"/>
	<drop event="Fall" name="terrDestroyedWoodDebris" count="1" prob="0.33" stick_chance="1"/>
</block>
<block name="h7sb_steinstapel">
	<property name="Extends" value="palletBricksBase"/>
	<property name="CustomIcon" value="palletBricksBase"/>
	<property name="DescriptionKey" value="furnitureGroupDesc"/>
	<property name="FilterTags" value="ffurniture"/>
	<property name="Group" value="Decor/Miscellaneous"/>
	<property name="Class" value="Loot"/>
	<property name="LootList" value="279"/>
	<drop event="Harvest" name="resourceWood" count="0" tag="allHarvest"/>
	<drop event="Harvest" name="resourceRockSmall" count="0" tag="oreWoodHarvest"/>
	<drop event="Destroy" name="resourceWood" count="1,3"/>
	<drop event="Fall" name="terrDestroyedWoodDebris" count="1" prob="0.33" stick_chance="1"/>
</block>
<block name="h7sb_steinstapel1">
	<property name="Extends" value="palletBricksTile"/>
	<property name="CustomIcon" value="palletBricksTile"/>
	<property name="DescriptionKey" value="furnitureGroupDesc"/>
	<property name="FilterTags" value="ffurniture"/>
	<property name="Group" value="Decor/Miscellaneous"/>
	<property name="Class" value="Loot"/>
	<property name="LootList" value="279"/>
	<drop event="Harvest" name="resourceWood" count="0" tag="allHarvest"/>
	<drop event="Harvest" name="resourceRockSmall" count="0" tag="oreWoodHarvest"/>
	<drop event="Destroy" name="resourceWood" count="1,3"/>
	<drop event="Fall" name="terrDestroyedWoodDebris" count="1" prob="0.33" stick_chance="1"/>
</block>
<block name="h7sb_abgedecktstapel">
	<property name="Extends" value="palletBlueTarpBase"/>
	<property name="CustomIcon" value="palletBlueTarpBase"/>
	<property name="DescriptionKey" value="furnitureGroupDesc"/>
	<property name="FilterTags" value="ffurniture"/>
	<property name="Group" value="Decor/Miscellaneous"/>
	<property name="Class" value="Loot"/>
	<property name="LootList" value="279"/>
	<drop event="Harvest" name="resourceCobblestones" count="0" tag="allHarvest"/>
	<drop event="Harvest" name="resourceWood" count="0" tag="allHarvest"/>
	<drop event="Destroy" name="resourceWood" count="1,3"/>
	<drop event="Fall" name="terrDestroyedWoodDebris" count="1" prob="0.33" stick_chance="1"/>
</block>
<block name="h7sb_abgedecktstapel1">
	<property name="Extends" value="palletBlueTarpTile"/>
	<property name="CustomIcon" value="palletBlueTarpTile"/>
	<property name="DescriptionKey" value="furnitureGroupDesc"/>
	<property name="FilterTags" value="ffurniture"/>
	<property name="Group" value="Decor/Miscellaneous"/>
	<property name="Class" value="Loot"/>
	<property name="LootList" value="279"/>
	<drop event="Harvest" name="resourceCobblestones" count="0" tag="allHarvest"/>
	<drop event="Harvest" name="resourceWood" count="0" tag="allHarvest"/>
	<drop event="Destroy" name="resourceWood" count="1,3"/>
	<drop event="Fall" name="terrDestroyedWoodDebris" count="1" prob="0.33" stick_chance="1"/>
</block>

<block name="h7sb_kommode">
	<property name="Extends" value="cntNightstandClosed"/>
	<property name="CustomIcon" value="cntNightstandClosed"/>
	<property name="DescriptionKey" value="furnitureGroupDesc"/>
	<property name="FilterTags" value="ffurniture"/>
	<property name="Group" value="Decor/Miscellaneous"/>
	<property name="Class" value="Loot"/>
	<property name="LootList" value="280"/>
	<property name="SellableToTrader" value="false"/>
	<drop event="Destroy" name="resourceWood" count="1,3"/>
</block>
<block name="h7sb_weinfass">
	<property name="Extends" value="wineBarrel"/>
	<property name="CustomIcon" value="wineBarrel"/>
	<property name="DescriptionKey" value="furnitureGroupDesc"/>
	<property name="FilterTags" value="ffurniture"/>
	<property name="Group" value="Decor/Miscellaneous"/>
	<property name="Class" value="Loot"/>
	<property name="LootList" value="281"/>
	<property name="SellableToTrader" value="false"/>
	<drop event="Destroy" name="resourceWood" count="1,3"/>
</block>
<block name="h7sb_weinfass1">
	<property name="Extends" value="wineBarrelPlain"/>
	<property name="CustomIcon" value="wineBarrelPlain"/>
	<property name="DescriptionKey" value="furnitureGroupDesc"/>
	<property name="FilterTags" value="ffurniture"/>
	<property name="Group" value="Decor/Miscellaneous"/>
	<property name="Class" value="Loot"/>
	<property name="LootList" value="281"/>
	<property name="SellableToTrader" value="false"/>
	<drop event="Destroy" name="resourceWood" count="1,3"/>
</block>
<block name="h7sb_weinfass2">
	<property name="Extends" value="wineBarrelSet"/>
	<property name="CustomIcon" value="wineBarrelSet"/>
	<property name="DescriptionKey" value="furnitureGroupDesc"/>
	<property name="FilterTags" value="ffurniture"/>
	<property name="Group" value="Decor/Miscellaneous"/>
	<property name="Class" value="Loot"/>
	<property name="LootList" value="281"/>
	<property name="SellableToTrader" value="false"/>
	<drop event="Destroy" name="resourceWood" count="1,3"/>
</block>
<block name="h7sb_pillenschrank">
	<property name="Extends" value="cntPillCase"/>
	<property name="CustomIcon" value="cntPillCase"/>
	<property name="DescriptionKey" value="furnitureGroupDesc"/>
	<property name="FilterTags" value="ffurniture"/>
	<property name="Group" value="Decor/Miscellaneous"/>
	<property name="Class" value="Loot"/>
	<property name="LootList" value="282"/>
	<property name="SellableToTrader" value="false"/>
	<drop event="Destroy" name="resourceWood" count="1,3"/>
</block>
<block name="h7sb_medizinschrank">
	<property name="Extends" value="cntPillCaseClosed"/>
	<property name="CustomIcon" value="cntPillCaseClosed"/>
	<property name="DescriptionKey" value="furnitureGroupDesc"/>
	<property name="FilterTags" value="ffurniture"/>
	<property name="Group" value="Decor/Miscellaneous"/>
	<property name="Class" value="Loot"/>
	<property name="LootList" value="278"/>
	<property name="SellableToTrader" value="false"/>
	<drop event="Destroy" name="resourceAcid" prob="0" count="0" tag="WasteTreasuresAcidHarvest"/>
	<drop event="Destroy" name="resourceWood" count="1,3"/>
</block>
<block name="h7sb_medizinschrank1">
	<property name="Extends" value="cntMedicineCabinetClosed"/>
	<property name="CustomIcon" value="cntMedicineCabinetClosed"/>
	<property name="DescriptionKey" value="furnitureGroupDesc"/>
	<property name="FilterTags" value="ffurniture"/>
	<property name="Group" value="Decor/Miscellaneous"/>
	<property name="Class" value="Loot"/>
	<property name="LootList" value="283"/>
	<property name="SellableToTrader" value="false"/>
	<drop event="Destroy" name="resourceWood" count="1,3"/>
</block>

<block name="h7sb_bücherregal">
	<property name="Extends" value="cntBookcaseFull"/>
	<property name="CustomIcon" value="cntBookcaseFull"/>
	<property name="DescriptionKey" value="furnitureGroupDesc"/>
	<property name="FilterTags" value="ffurniture"/>
	<property name="Group" value="Decor/Miscellaneous"/>
	<property name="Class" value="Loot"/>
	<property name="LootList" value="284"/>
	<property name="SellableToTrader" value="false"/>
	<drop event="Destroy" name="resourceBrokenGlass" count="0"/>
	<drop event="Destroy" name="resourceWood" count="1,3"/>
</block>
<block name="h7sb_bücherregal1">
	<property name="Extends" value="cntBookShelfSingleBottomFull01"/>
	<property name="CustomIcon" value="cntBookShelfSingleBottomFull01"/>
	<property name="DescriptionKey" value="furnitureGroupDesc"/>
	<property name="FilterTags" value="ffurniture"/>
	<property name="Group" value="Decor/Miscellaneous"/>
	<property name="Class" value="Loot"/>
	<property name="LootList" value="284"/>
	<property name="SellableToTrader" value="false"/>
	<drop event="Destroy" name="resourceWood" count="1,3"/>
</block>
<block name="h7sb_bücherregal2">
	<property name="Extends" value="cntBookShelfSingleTopFull01"/>
	<property name="CustomIcon" value="cntBookShelfSingleTopFull01"/>
	<property name="DescriptionKey" value="furnitureGroupDesc"/>
	<property name="FilterTags" value="ffurniture"/>
	<property name="Group" value="Decor/Miscellaneous"/>
	<property name="Class" value="Loot"/>
	<property name="LootList" value="284"/>
	<property name="SellableToTrader" value="false"/>
	<drop event="Destroy" name="resourceWood" count="1,3"/>
</block>
<block name="h7sb_bücherregal3">
	<property name="Extends" value="cntBookShelfSingleTopFull02"/>
	<property name="CustomIcon" value="cntBookShelfSingleTopFull02"/>
	<property name="DescriptionKey" value="furnitureGroupDesc"/>
	<property name="FilterTags" value="ffurniture"/>
	<property name="Group" value="Decor/Miscellaneous"/>
	<property name="Class" value="Loot"/>
	<property name="LootList" value="284"/>
	<property name="SellableToTrader" value="false"/>
	<drop event="Destroy" name="resourceWood" count="1,3"/>
</block>
<block name="h7sb_bücherregal4">
	<property name="Extends" value="cntBookShelfSingleBottomFull02"/>
	<property name="CustomIcon" value="cntBookShelfSingleBottomFull02"/>
	<property name="DescriptionKey" value="furnitureGroupDesc"/>
	<property name="FilterTags" value="ffurniture"/>
	<property name="Group" value="Decor/Miscellaneous"/>
	<property name="Class" value="Loot"/>
	<property name="LootList" value="284"/>
	<property name="SellableToTrader" value="false"/>
	<drop event="Destroy" name="resourceWood" count="1,3"/>
</block>

<block name="h7sb_fenterläden">
	<property name="Extends" value="shutters1Plate"/>
	<property name="CustomIcon" value="shutters1Plate"/>
	<property name="FilterTags" value="ffurniture"/>
	<property name="Group" value="Decor/Miscellaneous"/>
	<property name="SellableToTrader" value="false"/>
	<drop event="Destroy" name="resourceWood" count="1,3"/>
</block>
<block name="h7sb_fenterrahmenSchmal">
	<property name="Extends" value="windowStoreFourSidedEmpty"/>
	<property name="CustomIcon" value="windowStoreFourSidedEmpty"/>
	<property name="FilterTags" value="ffurniture"/>
	<property name="Group" value="Decor/Miscellaneous"/>
	<property name="SellableToTrader" value="false"/>
	<drop event="Destroy" name="resourceWood" count="1,3"/>
</block>
<block name="h7sb_fenterrahmenSchmal1">
	<property name="Extends" value="windowStoreThreeSidedEmpty"/>
	<property name="CustomIcon" value="windowStoreThreeSidedEmpty"/>
	<property name="FilterTags" value="ffurniture"/>
	<property name="Group" value="Decor/Miscellaneous"/>
	<property name="SellableToTrader" value="false"/>
	<drop event="Destroy" name="resourceWood" count="1,3"/>
</block>
<block name="h7sb_fenterrahmenSchmal2">
	<property name="Extends" value="windowStoreTwoSidedEmpty"/>
	<property name="CustomIcon" value="windowStoreTwoSidedEmpty"/>
	<property name="FilterTags" value="ffurniture"/>
	<property name="Group" value="Decor/Miscellaneous"/>
	<property name="SellableToTrader" value="false"/>
	<drop event="Destroy" name="resourceWood" count="1,3"/>
</block>

<block name="h7sb_holztisch">
	<property name="Extends" value="coffeeTable"/>
	<property name="CustomIcon" value="coffeeTable"/>
	<property name="FilterTags" value="ffurniture"/>
	<property name="Group" value="Decor/Miscellaneous"/>
	<property name="SellableToTrader" value="false"/>
	<drop event="Destroy" name="resourceWood" count="1,3"/>
</block>
<block name="h7sb_holztisch1">
	<property name="Extends" value="endTable"/>
	<property name="CustomIcon" value="endTable"/>
	<property name="FilterTags" value="ffurniture"/>
	<property name="Group" value="Decor/Miscellaneous"/>
	<property name="SellableToTrader" value="false"/>
	<drop event="Destroy" name="resourceWood" count="1,3"/>
</block>
<block name="h7sb_holztisch2">
	<property name="Extends" value="tableDynamic"/>
	<property name="CustomIcon" value="tableDynamic"/>
	<property name="FilterTags" value="ffurniture"/>
	<property name="Group" value="Decor/Miscellaneous"/>
	<property name="SellableToTrader" value="false"/>
	<drop event="Destroy" name="resourceWood" count="1,3"/>
</block>
<block name="h7sb_holztisch3">
	<property name="Extends" value="woodTable"/>
	<property name="CustomIcon" value="woodTable"/>
	<property name="FilterTags" value="ffurniture"/>
	<property name="Group" value="Decor/Miscellaneous"/>
	<property name="SellableToTrader" value="false"/>
	<drop event="Destroy" name="resourceWood" count="1,3"/>
</block>
<block name="h7sb_holztisch4">
	<property name="Extends" value="cntWoodDesk01Closed"/>
	<property name="CustomIcon" value="cntWoodDesk01Closed"/>
	<property name="FilterTags" value="ffurniture"/>
	<property name="Group" value="Decor/Miscellaneous"/>
	<property name="SellableToTrader" value="false"/>
	<drop event="Destroy" name="resourceWood" count="1,3"/>
</block>
<block name="h7sb_holztisch5">
	<property name="Extends" value="decoPicnicTable"/>
	<property name="CustomIcon" value="decoPicnicTable"/>
	<property name="FilterTags" value="ffurniture"/>
	<property name="Group" value="Decor/Miscellaneous"/>
	<property name="SellableToTrader" value="false"/>
	<drop event="Harvest" name="resourceWood" count="0" tag="allHarvest"/>
  	<drop event="Destroy" name="resourceScrapIron" count="0"/>
  	<drop event="Destroy" name="resourceWood" count="1,3"/>
</block>

<block name="h7sb_holzstuhl">
	<property name="Extends" value="woodChair1"/>
	<property name="CustomIcon" value="woodChair1"/>
	<property name="FilterTags" value="ffurniture"/>
	<property name="Group" value="Decor/Miscellaneous"/>
	<property name="SellableToTrader" value="false"/>
	<drop event="Destroy" name="resourceWood" count="1,3"/>
</block>
<block name="h7sb_alterstuhl">
	<property name="Extends" value="oldChair1"/>
	<property name="CustomIcon" value="oldChair1"/>
	<property name="FilterTags" value="ffurniture"/>
	<property name="Group" value="Decor/Miscellaneous"/>
	<property name="SellableToTrader" value="false"/>
	<drop event="Destroy" name="resourceWood" count="1,3"/>
</block>
<block name="h7sb_pbank">
	<property name="Extends" value="parkBenchA"/>
	<property name="CustomIcon" value="parkBenchA"/>
	<property name="FilterTags" value="ffurniture"/>
	<property name="Group" value="Decor/Miscellaneous"/>
	<property name="SellableToTrader" value="false"/>
	<drop event="Destroy" name="resourceWood" count="1,3"/>
</block>
<block name="h7sb_pbank1">
	<property name="Extends" value="parkBenchB"/>
	<property name="CustomIcon" value="parkBenchB"/>
	<property name="FilterTags" value="ffurniture"/>
	<property name="Group" value="Decor/Miscellaneous"/>
	<property name="SellableToTrader" value="false"/>
	<drop event="Destroy" name="resourceWood" count="1,3"/>
</block>
<block name="h7sb_ventilatorklein">
	<property name="Extends" value="heatVent"/>
	<property name="CustomIcon" value="heatVent"/>
	<property name="FilterTags" value="ffurniture"/>
	<property name="Group" value="Decor/Miscellaneous"/>
	<property name="SellableToTrader" value="false"/>
	<drop event="Destroy" name="resourceWood" count="1,3"/>
</block>
<block name="h7sb_hundehütte">
	<property name="Extends" value="decoClassicDogHouse"/>
	<property name="CustomIcon" value="decoClassicDogHouse"/>
	<property name="FilterTags" value="ffurniture"/>
	<property name="Group" value="Decor/Miscellaneous"/>
	<property name="SellableToTrader" value="false"/>
	<drop event="Destroy" name="resourceWood" count="1,3"/>
</block>
<block name="h7sb_holzrad">
	<property name="Extends" value="decoWildWestWagonWheelBack"/>
	<property name="CustomIcon" value="decoWildWestWagonWheelBack"/>
	<property name="FilterTags" value="ffurniture"/>
	<property name="Group" value="Decor/Miscellaneous"/>
	<property name="SellableToTrader" value="false"/>
	<drop event="Destroy" name="resourceWood" count="1,3"/>
</block>
</append>
</eihwaz.de>