<config>
	<append xpath="/archetypes">
		<archetype name="ToCWendigo" male="false" hair_color="4,2,2" eye_color="34,17,7" skin_color="177,251,242" type="Zombie" stance="Like" voice_set="trader">
			<base_mesh_parts>
				<part slot="head" layer="base" mesh="female_base_face">
					<texture name="female_head_zombie" color="166,252,251,255"/>
				</part>
				<part slot="chest" layer="outer" mesh="unisex_ghillie_suit_shirt">
					<texture name="unisex_ghillie_suit" color="255,255,255,31"/>
					<texture name="female_legs_wound" color="255,255,255"/>
				</part>
				<part slot="head" layer="outer" mesh="female_hair_long">
					<texture name="female_shaggy_hair" color="255,255,255,222"/>
				</part>
				<part slot="legs" layer="outer" mesh="ghillie_suit_pants">
					<texture name="unisex_ghillie_suit" color="255,255,255,31"/>
					<texture name="female_torso_wound" color="255,255,255"/>
				</part>
				<part slot="eyes" layer="base" mesh="female_base_eyes">
					<texture name="unisex_eye_bloodshot" color="8,248,246,255"/>
				</part>
				<part slot="face" layer="outer" mesh="female_mouth_parts">
					<texture name="female_head_zombie" color="255,255,255"/>
				</part>
				<part slot="hands" layer="base" mesh="female_base_hands">
					<texture name="female_hands" color="skin"/>
				</part>
				<part slot="chest" layer="base" mesh="female_base_chest">
					<texture name="female_torso_nude" color="skin"/>
				</part>
				<part slot="legs" layer="base" mesh="female_base_legs">
					<texture name="female_legs_nude" color="skin"/>
					<texture name="female_legs_underwear" color="255,255,255"/>
				</part>
				<part slot="feet" layer="base" mesh="female_base_feet">
					<texture name="female_feet" color="skin"/>
				</part>
			</base_mesh_parts>
			<preview_mesh_parts></preview_mesh_parts>
			<expression blink="true" blink_duration="0.15" blink_min_delay="5" blink_max_delay="15" saccades="true">
				<gene name="neckUp_Down" value="0"/>
				<gene name="neckLeft_Right" value="0"/>
				<gene name="neckTiltLeft_Right" value="0"/>
				<gene name="headUp_Down" value="0"/>
				<gene name="headLeft_Right" value="0"/>
				<gene name="headTiltLeft_Right" value="0"/>
				<gene name="jawOpen_Close" value="0.75"/>
				<gene name="jawForward_Back" value="-3"/>
				<gene name="jawLeft_Right" value="3"/>
				<gene name="mouthLeft_Right" value="-1"/>
				<gene name="mouthUp_Down" value="0"/>
				<gene name="mouthNarrow_Pucker" value="0"/>
				<gene name="tongueOut" value="0"/>
				<gene name="tongueCurl" value="0"/>
				<gene name="tongueUp_Down" value="0"/>
				<gene name="tongueLeft_Right" value="0"/>
				<gene name="tongueWide_Narrow" value="1"/>
				<gene name="leftMouthSmile_Frown" value="-2"/>
				<gene name="rightMouthSmile_Frown" value="2"/>
				<gene name="leftLowerLipUp_Down" value="-1"/>
				<gene name="rightLowerLipUp_Down" value="0"/>
				<gene name="leftUpperLipUp_Down" value="0"/>
				<gene name="rightUpperLipUp_Down" value="1"/>
				<gene name="leftCheekPuff_Squint" value="0"/>
				<gene name="rightCheekPuff_Squint" value="0"/>
				<gene name="noseSneer" value="0"/>
				<gene name="leftEyeOpen_Close" value="0"/>
				<gene name="rightEyeOpen_Close" value="0"/>
				<gene name="leftEyeUp_Down" value="0"/>
				<gene name="rightEyeUp_Down" value="0"/>
				<gene name="leftEyeIn_Out" value="0"/>
				<gene name="rightEyeIn_Out" value="0"/>
				<gene name="browsIn" value="0"/>
				<gene name="leftBrowUp_Down" value="0"/>
				<gene name="rightBrowUp_Down" value="0"/>
				<gene name="midBrowUp_Down" value="0"/>
			</expression>
			<dna>
				<gene name="height" value="6"/>
				<gene name="headSize" value="1"/>
				<gene name="headWidth" value="0.4709302"/>
				<gene name="handsSize" value="1"/>
				<gene name="feetSize" value="0"/>
				<gene name="muscle" value="0"/>
				<gene name="weight" value="0"/>
				<gene name="gluteusSize" value="0"/>
				<gene name="earsSize" value="1"/>
				<gene name="earsPosition" value="1"/>
				<gene name="earsRotation" value="1"/>
				<gene name="noseSize" value="1"/>
				<gene name="noseCurve" value="1"/>
				<gene name="noseWidth" value="0"/>
				<gene name="noseInclination" value="0"/>
				<gene name="nosePosition" value="0.5"/>
				<gene name="nosePronounced" value="0.495"/>
				<gene name="noseFlatten" value="0.5"/>
				<gene name="chinSize" value="1"/>
				<gene name="chinPronounced" value="0"/>
				<gene name="chinPosition" value="0.23"/>
				<gene name="mandibleSize" value="1"/>
				<gene name="jawsSize" value="0"/>
				<gene name="jawsPosition" value="1"/>
				<gene name="cheekSize" value="0"/>
				<gene name="cheekPosition" value="0.44"/>
				<gene name="lowCheekPronounced" value="0"/>
				<gene name="lowCheekPosition" value="1"/>
				<gene name="foreheadSize" value="1"/>
				<gene name="foreheadPosition" value="0"/>
				<gene name="lipsSize" value="0"/>
				<gene name="mouthSize" value="1"/>
				<gene name="eyeRotation" value="0.445"/>
				<gene name="eyeSize" value="1"/>
				<gene name="breastSize" value="0"/>
			</dna>
		</archetype>
	</append>
</config>
