<configs>
	<append xpath="/recipes">
		<recipe name="resourceRefinedLead" count="100" craft_time="900" craft_area="chemistryStation" tags="learnable,perkGreaseMonkey,chemStationCrafting">
			<ingredient name="resourceScrapLead" count="2000"/>
		</recipe>
		
		<recipe name="carAmeliaBattery" count="1" craft_area="chemistryStation" tags="learnable,perkGreaseMonkey,chemStationCrafting">
			<ingredient name="resourceRefinedLead" count="1000"/>
			<ingredient name="resourceAcid" count="15"/>
			<ingredient name="resourceScrapPolymers" count="40"/>
		</recipe>
		
    <recipe name="vehicleAmeliaGyroCopterAccessories" count="1" craft_time="270" craft_area="workbench" tags="perkGreaseMonkey,learnable,workbenchCrafting">
    	<ingredient name="resourceElectricParts" count="33"/>
    	<ingredient name="resourceHeadlight" count="8"/>
    	<ingredient name="resourceMetalPipe" count="50"/>
    	<ingredient name="resourceMechanicalParts" count="10"/>
    	<ingredient name="resourceSpring" count="4"/>
    	<effect_group>
    		<passive_effect name="CraftingIngredientCount" operation="perc_add" level="0,4" value=".5,.5" tags="resourceMechanicalParts,resourceMetalPipe,resourceElectricParts,resourceSpring"/>
    	</effect_group>
    </recipe>
    
    <recipe name="vehicleAmeliaGyroCopterChassis" count="1" craft_time="270" craft_area="workbench" tags="perkGreaseMonkey,learnable,workbenchCrafting">
    	<ingredient name="resourceForgedSteel" count="125"/>
    	<ingredient name="resourceMechanicalParts" count="40"/>
    	<ingredient name="resourceDuctTape" count="25"/>
    	<ingredient name="resourceLeather" count="40"/>
    	<ingredient name="resourceElectricParts" count="20"/>
    	<effect_group>
    		<passive_effect name="CraftingIngredientCount" operation="perc_add" level="0,4" value=".5,.5" tags="resourceForgedSteel,resourceMechanicalParts,resourceDuctTape,resourceLeather,resourceElectricParts"/>
    	</effect_group>
    </recipe>
    
    <recipe name="vehicleAmeliaGyrocopterPlaceable" count="1" craft_time="900" craft_area="workbench" tags="workbenchCrafting">
    	<ingredient name="vehicleWheels" count="3"/>
    	<ingredient name="vehicleAmeliaGyroCopterChassis" count="1"/>
    	<ingredient name="vehicleAmeliaGyroCopterAccessories" count="1"/>
    	<ingredient name="smallAmeliaEngine" count="1"/>
    	<ingredient name="carAmeliaBattery" count="1"/>
    </recipe>
		
		<!-- Quest Recipes -->
		<recipe name="questitem_toc_amelia1_name" count="1" craft_time = "1" craft_exp_gain="0" >
			<ingredient name="questitem_toc_veterancard_name" count="1"/>
		</recipe>
		<recipe name="writitem_toc_amelia1_name" count="1" craft_time = "30" craft_exp_gain="1000" >
			<ingredient name="casinoCoin" count="5000"/>
			<ingredient name="resourcePaper" count="1"/>
		</recipe>	
		
		
  </append>
</configs>