<Xaliber>

	<!-- 
			Zombies attack passive animals too. Better with mods
			that add more zombies (so you can see them ganging up animals)
			and  add more animals (so you don't run out of animals)
	-->
	
	
	<!--	Customize boars a little bit so they can be attacked
		Credits to Tin @ 7 Days to Die forums for this trick!
		Extends boar from passive animals and apply its default properties + hostile AI
	-->
	  
	<set xpath="/entity_classes/entity_class[@name='animalBoar']/@extends">
		animalTemplateTimid
	</set>
	<set xpath="/entity_classes/entity_class[@name='animalBoar']">
		<property name="Tags" value="entity,animal,hostile,boar,perkAT03,perkAT04,perkAT05"/>
		<property name="MapIcon" value="ui_game_symbol_tracking_pig"/>
		<property name="TrackerIcon" value="ui_game_symbol_tracking_pig"/>
		<property name="IsEnemyEntity" value="false"/><!-- override hostile template setting so he can spawn in safe zones -->
		<property name="AvatarController" value="AvatarAnimalController"/>
		<property name="ModelType" value="Standard"/>
		<property name="HasRagdoll" value="true"/>
		<property name="PhysicsBody" value="boar"/>
		<property name="Mass" value="200"/>
		<property name="Mesh" value="Animals/Boar/AnimalBoarStandardRagdoll"/>
		<property name="HasDeathAnim" value="true"/>
		<property name="RootMotion" value="true"/>
		<property name="RagdollOnDeathChance" value=".5"/>

		<property name="AIPathCostScale" value=".4, .6"/>
		<property name="AITask-1" value="Swim"/>
		<property name="AITask-2" value="BreakBlock"/>
		<property name="AITask-3" value="ApproachAndAttackTarget" data="class=EntityNPC,20,EntityPlayer,20,EntityZombie,20,EntityEnemyAnimal,20"/>
		<property name="AITask-4" value="ApproachSpot"/>
		<property name="AITask-5" value="Look"/>
		<property name="AITask-6" value="Wander"/>
		<property name="AITarget-1" value="SetAsTargetIfHurt" data="class=EntityNPC,EntityPlayer,EntityZombie,EntityEnemyAnimal"/>
		<property name="AITarget-2" value="BlockingTargetTask"/>
		<property name="AITarget-3" value=""/>
	
		<property name="SoundRandom" value="Animals/Boar/boarroam"/>
		<property name="SoundAlert" value="Animals/Boar/boaralert"/>
		<property name="SoundHurt" value="Animals/Boar/boarpain"/>
		<property name="SoundDeath" value="Animals/Boar/boardeath"/>
		<property name="SoundAttack" value="Animals/Boar/boarattack"/>
		<property name="SoundSense" value="Animals/Boar/boarsense"/>
		<property name="SoundGiveUp" value="Animals/Boar/boargiveup"/>

		<!-- Gameplay -->
		<property name="MoveSpeed" value="0.2"/>
		<property name="MoveSpeedAggro" value="1.3, 1.3"/>
		<property name="MoveSpeedPanic" value="1.6"/>

		<property name="HandItem" value="meleeHandAnimalWolf"/>

		<drop event="Harvest" name="foodRawMeat" count="0" tool_category="Butcher"/>
		<drop event="Harvest" name="foodRawMeat" tag="butcherHarvest" count="30"/> <!-- animalBoar -->
		<drop event="Harvest" name="resourceLeather" tag="butcherHarvest" count="7"/>
		<drop event="Harvest" name="resourceAnimalFat" count="4" tag="butcherHarvest"/>
		<drop event="Harvest" name="resourceBone" tag="butcherHarvest" count="15"/>
		<drop event="Harvest" name="resourceBone" tag="allToolsHarvest" count="5"/>
		<drop event="Harvest" name="foodRawMeat" count="1" tag="WasteTreasuresCompleteHarvest"/>
		<drop event="Harvest" name="resourceLeather" count="1" tag="WasteTreasuresCompleteHarvest"/>
		<drop event="Harvest" name="resourceBone" count="1" tag="WasteTreasuresCompleteHarvest"/>

		<effect_group name="Base Effects">
			<passive_effect name="HealthMax" operation="base_set" value="250"/>
			<passive_effect name="HealthMax" operation="perc_add" value="0"/> <!-- Animal HP scale -->
		</effect_group>
	</set>
	
	<!--	Humanoid zombies
	  -->
	  
	<set xpath="/entity_classes/entity_class[starts-with(@name, 'zombie') and not(contains(@name, 'FatCop') or contains(@name, 'Demolition'))]/property[@value='ApproachAndAttackTarget']/@data">
		class=EntityNPC,0,EntityEnemyAnimal,0,EntityAnimalStag,0,EntityPlayer,0
	</set>	<!-- class,maxChaseTime (return home) -->
			<!-- time to chase before going home -->
			<!-- original: EntityNPC,0,EntityEnemyAnimal,0,EntityPlayer,0 -->
	
	<set xpath="/entity_classes/entity_class[starts-with(@name, 'zombie')]/property[@value='SetNearestEntityAsTarget']/@data">
		class=EntityPlayer,0,0,EntityNPC,0,0,EntityAnimalStag,0,0
	</set>	<!-- class, hear distance, see dist (checked left to right, 0 dist uses entity default) -->
			<!-- original: EntityPlayer,0,0,EntityNPC,0,0 										 -->
			<!-- disabled: EntityEnemyAnimal,12,6				so they don't attack zombie dogs -->
			
			<!-- 
				 Comparison:
				 mountainLion		EntityPlayer,14,9
				 direWolf			EntityPlayer,29,24
				 animalHostile		EntityPlayer,20,15
				 animalBear			EntityPlayer,13,8
				 zombieBear			EntityPlayer,18,13
			-->
	
	
	
	<!--	Zombie dogs, they don't fight hostile animals, but fight boars
	  -->
	
	<set xpath="/entity_classes/entity_class[@name='animalZombieDog']/property[@value='ApproachAndAttackTarget']/@data">
		class=EntityPlayer,20,EntityNPC,20,EntityAnimalStag,10,EntityAnimalRabbit,10
	</set>	<!-- original: EntityPlayer,20,EntityNPC,20		-->
	<set xpath="/entity_classes/entity_class[@name='animalZombieDog']/property[@value='SetAsTargetIfHurt']/@data">
		class=EntityNPC,EntityPlayer,EntityEnemyAnimal
	</set>	<!-- original: class=EntityNPC,EntityPlayer	-->
	<set xpath="/entity_classes/entity_class[@name='animalZombieDog']/property[@value='SetNearestEntityAsTarget']/@data">
		class=EntityPlayer,20,0,EntityNPC,10,0,EntityAnimalStag,10,0,EntityAnimalRabbit,5,0
	</set>	<!-- original: EntityPlayer,20,0,EntityNPC,0,0	-->
	
	
	<!-- Hostile animals fight zombie dogs
		 because making zombie dogs attack is too troublesome
		 and let's assume they sense something hostile in zombie dogs
		 TODO: do wolves need to fight zombie dogs? or let them hunt with dogs?

		 According to report this makes the mod generates error. Let's just disable it for the moment
		 -->
	<!--	 
	<set xpath="/entity_classes/entity_class[@name='animalBear']/property[@value='ApproachAndAttackTarget']/@data">
		class=EntityAnimalStag,40,EntityPlayer,25,EntityZombie,30,EntityZombieDog,30
	</set>	
	<set xpath="/entity_classes/entity_class[@name='animalBear']/property[@value='SetNearestEntityAsTarget']/@data">
		class=EntityPlayer,13,8,EntityAnimalStag,0,0,EntityZombie,0,0,EntityZombieDog,0,0
	</set>	
	
	<set xpath="/entity_classes/entity_class[@name='animalMountainLion']/property[@value='ApproachAndAttackTarget']/@data">
		class=EntityAnimalStag,30,EntityPlayer,15,EntityZombie,20,EntityZombieDog,20
	</set>	
	<set xpath="/entity_classes/entity_class[@name='animalMountainLion']/property[@value='SetNearestEntityAsTarget']/@data">
		class=class=EntityPlayer,14,9,EntityAnimalStag,0,0,EntityZombie,0,5,EntityZombieDog,0,5
	</set>	
	-->
	

</Xaliber>
