<wtk34_water_filter>
<append xpath="/items">
	<!-- this item is for a water filter -->
<item name="resourceActivatedCharcoal">
	<property name="HoldType" value="45"/>
	<property name="CustomIcon" value="resourceCement"/>
	<property name="CustomIconTint" value="1F1F1F"/>
	<property name="DescriptionKey" value="resourceActivatedCharcoal"/>
	<property name="Meshfile" value="#Other/Items?Misc/sackPrefab.prefab"/>
	<property name="DropMeshfile" value="#Other/Items?Misc/sack_droppedPrefab.prefab"/>
	<property name="Material" value="MresourceCement"/>
	<property name="Stacknumber" value="10"/> <!-- STK resource -->
	<property name="EconomicValue" value="250"/>
	<property name="EconomicBundleSize" value="50"/>
	<property name="Group" value="Resources"/>
</item>

<item name="waterFilterSchematic">
	<property name="Extends" value="schematicNoQualityMaster"/>
	<property name="CreativeMode" value="Player"/>
	<property name="CustomIcon" value="wineBarrel"/>
	<property name="Unlocks" value="waterFilter"/>
	<effect_group tiered="false">
		<triggered_effect trigger="onSelfPrimaryActionEnd" action="ModifyCVar" cvar="waterFilter" operation="set" value="1"/>
		<triggered_effect trigger="onSelfPrimaryActionEnd" action="GiveExp" exp="50"/>
	</effect_group>
</item>

<!-- this is the code to make the water catcher / filter work -->

<remove xpath="/items/item[@name='drinkJarRiverWater']"/>
<item name="drinkJarRiverWater">
	<property name="HoldType" value="3"/>
	<property name="DisplayType" value="waterDysentery"/>
	<property name="Meshfile" value="#Other/Items?Food/bottled_waterPrefab.prefab"/>
	<property name="DropMeshfile" value="#Other/Items?Misc/sack_droppedPrefab.prefab"/>
	<property name="Material" value="Mglass"/>
	<property name="Stacknumber" value="125"/> <!-- STK resource -->
	<property name="Weight" value="10"/>
	<property name="EconomicValue" value="20"/>
	<property name="EconomicBundleSize" value="1"/>
	<property name="SellableToTrader" value="false"/>
	<property name="CraftingIngredientTime" value="10"/>
	<property class="Action0">
		<property name="Class" value="Eat"/>
		<property name="Delay" value="0"/>
		<property name="Sound_start" value="player_drinking"/>
		<property name="Create_item" value="drinkJarEmpty"/>
	</property>
	<property class="Action1">
		<property name="Class" value="ExchangeItem"/>
		<property name="Delay" value="1.0"/>
		<property name="Change_item_to" value="drinkJarBoiledWater"/>
		<property name="Focused_blockname_1" value="waterFilter"/>
		<property name="Sound_start" value="bucketfill_water"/>
	</property>
	<property name="Group" value="Food/Cooking,CFDrink/Cooking"/>

	<effect_group tiered="false" name="Drink Tier 0">
		<requirement name="NotHasBuff" buff="buffIsOnFire"/>

		<triggered_effect trigger="onSelfPrimaryActionEnd" action="ModifyCVar" cvar="$waterAmountAdd" operation="add" value="10"/>
		<display_value name="dStaminaRegen" value=".15"/>
		<triggered_effect trigger="onSelfPrimaryActionEnd" action="AddBuff" buff="buffProcessConsumables"/>

		<triggered_effect trigger="onSelfPrimaryActionEnd" action="ModifyCVar" cvar=".DiseaseRoll" operation="set" value="12"/><display_value name="dDysenteryRisk" value=".12"/>
		<triggered_effect trigger="onSelfPrimaryActionEnd" action="ModifyCVar" cvar=".DiseaseRoll" operation="add" value="@$MetabolismResist"/>
		<triggered_effect trigger="onSelfPrimaryActionEnd" action="AddBuff" buff="buffDysenteryCatchDrink">
			<requirement name="RandomRoll" seed_type="Random" min_max="1,100" operation="LTE" value="@.DiseaseRoll"/>
		</triggered_effect>
	</effect_group>

	<effect_group tiered="false">
		<requirement name="HasBuff" buff="buffIsOnFire"/>
			<triggered_effect trigger="onSelfPrimaryActionEnd" action="AddBuff" buff="buffExtinguishFire"/>
	</effect_group>
</item>

</append>

</wtk34_water_filter>