<Claymore>
<append xpath="/items/item[@name='gunToolNailgun']/property[@class='Action1']/property[@name='Allowed_upgrade_items']/@value">,resourceSteelPolish</append>
<append xpath="/items/item[@name='meleeToolClawHammer']/property[@class='Action1']/property[@name='Allowed_upgrade_items']/@value">,resourceSteelPolish</append>

<append xpath="/items/item[@name='resourceSteelPolish']">
<property name="UnlockedBy" value="perkYeahScience,resourceSteelPolishSchematic"/>
<property name="Recipes_to_learn" value="resourceSteelPolishSchematic"/>
</append>

<append xpath="/items">
<item name="resourceSteelPolishSchematic">
	<property name="Extends" value="schematicNoQualityRecipeMaster"/>
	<property name="EconomicValue" value="400"/>
	<property name="CreativeMode" value="Player"/>
	<property name="CustomIcon" value="resourceSteelPolish"/>
	<property name="Unlocks" value="resourceSteelPolish"/>
	<effect_group tiered="false">
		<triggered_effect trigger="onSelfPrimaryActionEnd" action="ModifyCVar" cvar="resourceSteelPolish" operation="set" value="1"/>
		<triggered_effect trigger="onSelfPrimaryActionEnd" action="GiveExp" exp="50"/>
	</effect_group>
</item>
</append>

<set xpath="/items/item[@name='resourceSteelPolish']/property[@name='CreativeMode']/@value">Player</set>
<remove xpath="/items/item[@name='resourceSteelPolish']/property[@name='DescriptionKey']"/>
</Claymore>