<Claymore>
<append xpath="/lootcontainers/lootgroup[@name='schematicsModsRare']">
<item name="resourceSteelPolishSchematic"/>
</append>
<append xpath="/lootcontainers/lootgroup[@name='workingStiffs']">
<item name="resourceSteelPolish" count="3,25" prob="0.1"/>
</append>
<append xpath="/lootcontainers/lootgroup[@name='forgeLoot']">
<item name="resourceSteelPolish" count="3,25" prob="0.1"/>
</append>
<append xpath="/lootcontainers/lootgroup[@name='rareTools']">
<item name="resourceSteelPolishSchematic" prob="0.2"/>
<item name="resourceSteelPolish" count="3,25" prob="0.3"/>
</append>
<append xpath="/lootcontainers/lootgroup[@name='junk']">
<item name="resourceSteelPolish" count="3,25" prob="0.05"/>
</append>
</Claymore>