<delmod>
	<set xpath="/items/item[contains(@name,'ammo762mm')]/property[@name='Stacknumber']/@value">500</set>
	<set xpath="/items/item[contains(@name,'ammoBundleMaster')]/property[@class='Action0']/property[@name='Create_item_count']/@value">200</set>
	<set xpath="/items/item[contains(@name,'ammo9mm')]/property[@name='Stacknumber']/@value">500</set>
	<set xpath="/items/item[contains(@name,'ammoShot')]/property[@name='Stacknumber']/@value">500</set>
	<set xpath="/items/item[contains(@name,'ammoBlunder')]/property[@name='Stacknumber']/@value">500</set>
	<set xpath="/items/item[contains(@name,'ammoArrow')]/property[@name='Stacknumber']/@value">500</set>
	<set xpath="/items/item[contains(@name,'ammoCross')]/property[@name='Stacknumber']/@value">500</set>
	<set xpath="/items/item[contains(@name,'ammoRocket')]/property[@name='Stacknumber']/@value">40</set>
	<set xpath="/items/item[contains(@name,'foodHoney')]/property[@name='Stacknumber']/@value">50</set>
	<set xpath="/items/item[contains(@name,'foodCornMeal')]/property[@name='Stacknumber']/@value">1000</set>
	<set xpath="/items/item[contains(@name,'foodCropBlueberries')]/property[@name='Stacknumber']/@value">1000</set>
	<set xpath="/items/item[contains(@name,'foodCropMushrooms')]/property[@name='Stacknumber']/@value">1000</set>
	<set xpath="/items/item[contains(@name,'drinkJarBoiledWater')]/property[@name='Stacknumber']/@value">50</set>
	<set xpath="/items/item[contains(@name,'drinkJarYuccaJuice')]/property[@name='Stacknumber']/@value">50</set>
	<set xpath="/items/item[contains(@name,'drinkJarGoldenRodTea')]/property[@name='Stacknumber']/@value">50</set>
	<set xpath="/items/item[contains(@name,'drinkJarRedTea')]/property[@name='Stacknumber']/@value">50</set>
	<set xpath="/items/item[contains(@name,'drinkYuccaJuiceSmoothie')]/property[@name='Stacknumber']/@value">50</set>
	<set xpath="/items/item[contains(@name,'drinkJarCoffee')]/property[@name='Stacknumber']/@value">50</set>
	<set xpath="/items/item[contains(@name,'resourceCrop')]/property[@name='Stacknumber']/@value">1000</set>
	<set xpath="/items/item[contains(@name,'resourceFeather')]/property[@name='Stacknumber']/@value">500</set>
	<set xpath="/items/item[contains(@name,'resourceArrowHead')]/property[@name='Stacknumber']/@value">500</set>
	<set xpath="/items/item[contains(@name,'resourceGunPowder')]/property[@name='Stacknumber']/@value">3000</set>
	<set xpath="/items/item[contains(@name,'resourceBuckshot')]/property[@name='Stacknumber']/@value">500</set>
	<set xpath="/items/item[contains(@name,'resourceBullet')]/property[@name='Stacknumber']/@value">1000</set>
	<set xpath="/items/item[contains(@name,'resourceRepairKit')]/property[@name='Stacknumber']/@value">100</set>
	<set xpath="/items/item[contains(@name,'resourceFishingWeight')]/property[@name='Stacknumber']/@value">1000</set>
	<set xpath="/items/item[contains(@name,'resourceSilverNugget')]/property[@name='Stacknumber']/@value">500</set>
	<set xpath="/items/item[@name='resourceOil']/property[@name='Stacknumber']/@value">100</set>
	
			<!--  Set stacksizes  -->

	<set xpath="items/item[@name='ammo9mmBulletBall']/property[@name='Stacknumber']/@value">1000</set>
	<set xpath="items/item[@name='ammoShotgunShell']/property[@name='Stacknumber']/@value">500</set>
	<set xpath="items/item[@name='ammoShotgunSlug']/property[@name='Stacknumber']/@value">500</set>


	<!--  Set Ammo stacksizes  -->

	<set xpath="items/item[@name='apparelCigar']/property[@name='Stacknumber']/@value">100</set>

	<!--  Set Medical stacksizes  -->
	
	<set xpath="items/item[@name='medicalAloeCream']/property[@name='Stacknumber']/@value">100</set>
	<set xpath="items/item[@name='medicalBandage']/property[@name='Stacknumber']/@value">50</set>
	<set xpath="items/item[@name='medicalFirstAidBandage']/property[@name='Stacknumber']/@value">50</set>
	<set xpath="items/item[@name='medicalFirstAidKit']/property[@name='Stacknumber']/@value">10</set>
	<set xpath="items/item[@name='medicalFirstAidBandage']/property[@name='Stacknumber']/@value">50</set>
	<set xpath="items/item[@name='medicalBloodBag']/property[@name='Stacknumber']/@value">25</set>
	<set xpath="/items/item[contains(@name,'drug')]/property[@name='Stacknumber']/@value">500</set>
	
	<!--  Set Food stacksizes  -->

	<set xpath="items/item[@name='foodHoney']/property[@name='Stacknumber']/@value">50</set>
	<set xpath="items/item[@name='foodRottingFlesh']/property[@name='Stacknumber']/@value">250</set>
	<set xpath="items/item[@name='drinkJarBoiledWater']/property[@name='Stacknumber']/@value">50</set>


	<!--  Set Resource stacksizes  -->

	<set xpath="items/item[@name='resourcePaper']/property[@name='Stacknumber']/@value">6000</set>
	<set xpath="items/item[@name='resourceMilitaryFiber']/property[@name='Stacknumber']/@value">1000</set>
	<set xpath="items/item[@name='resourceFeather']/property[@name='Stacknumber']/@value">1000</set>
	<set xpath="items/item[@name='resourceBuckshot']/property[@name='Stacknumber']/@value">1000</set>
	<set xpath="items/item[@name='resourceBulletCasing']/property[@name='Stacknumber']/@value">1000</set>
	
	<set xpath="items/item[@name='resourceBulletCasing']/property[@name='Stacknumber']/@value">1000</set>
	
	<set xpath="items/item[@name='resourceBulletTip']/property[@name='Stacknumber']/@value">1000</set>
	
	<set xpath="items/item[@name='resourceRepairKit']/property[@name='Stacknumber']/@value">100</set>
	
	
</delmod>