<delmod>
	<!-- Create the combiner window and define it's size and layout. -->
	<append xpath="/windows">
		<window name="windowCombine" width="228" height="224" panel="Right" cursor_area="true" > 
		 <panel style="header.panel"> 
		 <sprite style="header.icon" sprite="ui_game_symbol_add"/> 
		<label style="header.name" text="COMBINE" text_key="xuiCombine"/> 
		</panel> 
		<rect pos="0, -46" height="230" width="228" controller="CombineGrid"> 
		 <sprite depth="2" name="backgroundMain" sprite="menu_empty3px" pos="0,1" width="228" height="230" color="[black]" type="sliced" fillcenter="false" /> 
		 <sprite name="background" color="[darkGrey]" pos="0,1" type="sliced"/> 
		 <grid name="parts" rows="3" cols="1" pos="3,-2" cell_width="150" cell_height="76" repeat_content="true" > 
		 <required_item_stack /> 
		</grid> 
			<label depth="3" pos="90,-25" text="Item A" text_key="xuiCombineItemA" /> 
			 <label depth="3" pos="90,-100" text="Item B" text_key="xuiCombineItemB"/>
			 <label depth="3" pos="90,-175" text="Result" text_key="xuiResult"/> 
		 </rect> 
	 </window> 
	</append>		
</delmod>