<configs>
<append xpath="/recipes">

<recipe name="foodMixedberryPie" craft_time="20" count="1" craft_area="campfire" craft_tool="toolCookingPot" tags="perkMasterChef,learnable">
	<ingredient name="foodCropBlueberries" count="4"/>
	<ingredient name="resourceCropSnowberryPlant" count="3"/>
	<ingredient name="foodEgg" count="1"/>
	<ingredient name="foodCornMeal" count="1"/>
	<ingredient name="resourceAnimalFat" count="1"/>
	<ingredient name="drinkJarBoiledWater" count="1"/>
	<effect_group>
		<passive_effect name="CraftingIngredientCount" level="4,5" operation="base_add" value="-1" tags="resourceCropSnowberryPlant,foodCropBlueberries"/>
	</effect_group>
</recipe>

<recipe name="drinkMixedberrySmoothie" craft_time="45" count="1" tags="perkMasterChef,learnable">
	<ingredient name="resourceCropSnowberryPlant" count="4"/>
	<ingredient name="foodCropBlueberries" count="4"/>
	<ingredient name="resourceSnowBall" count="1"/>
	<ingredient name="drinkJarEmpty" count="1"/>
	<effect_group>
		<passive_effect name="CraftingIngredientCount" level="4,5" operation="base_add" value="-1" tags="resourceCropSnowberryPlant,foodCropBlueberries"/>
	</effect_group>
</recipe>

	<recipe name="berryBunch" craft_time="2" count="1">
		<ingredient name="resourceCropSnowberryPlant" count="5"/>
	</recipe>
	
	<recipe name="berryBunch" craft_time="2" count="1">
		<ingredient name="foodCropBlueberries" count="5"/>
	</recipe>
	
	<recipe name="FireLog" craft_time="2" count="1">
		<ingredient name="resourceWood" count="12"/>
	</recipe>


	<recipe name="resourcePaper" count="1">
		<ingredient name="oldCash" count="1"/>
	</recipe>
	
	<recipe name="ammoCrossbowBoltSteelAP" count="1">
		<ingredient name="ammoArrowSteelAP" count="1"/>
	</recipe>
	
	<recipe name="ammoArrowStone" count="1">
		<ingredient name="ammoCrossbowBoltStone" count="1"/>
	</recipe>
	
	<recipe name="ammoArrowIron" count="1">
		<ingredient name="ammoCrossbowBoltIron" count="1"/>
	</recipe>
	
	<recipe name="ammoArrowSteelAP" count="1">
		<ingredient name="ammoCrossbowBoltSteelAP" count="1"/>
	</recipe>
	
	<recipe name="ammoCrossbowBoltStone" count="1">
		<ingredient name="ammoArrowStone" count="1"/>
	</recipe>
	
	<recipe name="ammoCrossbowBoltFlaming" count="1">
		<ingredient name="ammoArrowFlaming" count="1"/>
	</recipe>
	
	<recipe name="ammoArrowFlaming" count="1">
		<ingredient name="ammoCrossbowBoltFlaming" count="1"/>
	</recipe>
	<recipe name="ammoCrossbowBoltExploding" count="1">
		<ingredient name="ammoArrowExploding" count="1"/>
	</recipe>
	<recipe name="ammoArrowExploding" count="1">
		<ingredient name="ammoCrossbowBoltExploding" count="1"/>
	</recipe>
	<recipe name="ammoCrossbowBoltIron" count="1">
		<ingredient name="ammoArrowIron" count="1"/>
	</recipe>
	
	<recipe name="foodFishTacos" count="1" craft_area="campfire" craft_tool="toolCookingGrill" tags="perkMasterChef,learnable">
	<ingredient name="foodCanTuna" count="1"/>
	<ingredient name="foodCornMeal" count="2"/>
	</recipe>
	
	<recipe name="foodFishTacos" count="1" craft_area="campfire" craft_tool="toolCookingGrill" tags="perkMasterChef,learnable">
	<ingredient name="foodCanCatfood" count="2"/>
	<ingredient name="foodCornMeal" count="2"/>
	</recipe>
	
	<recipe name="resourceAcid" count="1" craft_area="chemistryStation">
		<ingredient name="resourcePotassiumNitratePowder" count="5" />
		<ingredient name="resourceCoal" count="5" />
		<ingredient name="drinkJarRiverWater" count="1" />
		<ingredient name="resourceBone" count="1" />
    </recipe>
	
</append>


</configs>