<configs>
	<append xpath="/blocks/block[@name='cntCar03SedanDamage1Master']">
		<drop event="Harvest" name="smallAmeliaEngine" count="1" prob="0.02" tag="salvageHarvest"/>
  </append>
	<append xpath="/blocks/block[@name='cntBusSchool']">
		<drop event="Harvest" name="smallAmeliaEngine" count="1" prob="0.01" tag="salvageHarvest"/>
  </append>
	<append xpath="/blocks/block[@name='decoCarMotorFlat']">
		<drop event="Harvest" name="smallAmeliaEngine" count="1" prob="0.15" tag="salvageHarvest"/>
  </append>
	<append xpath="/blocks">	
		<block name="questblock_toc_amelia_coffin">
			<property name="Class" value="Loot"/>		
			<property name="CustomIcon" value="cntChest01"/>
			<property name="Material" value="MwoodReinforced"/>
			<property name="StabilitySupport" value="false"/> <!-- build restriction -->
			<property name="Shape" value="Ext3dModel"/>
			<property name="Texture" value="293"/>
			<property name="Mesh" value="models"/>
			<property name="Model" value="Furniture/coffin"/>
			<property name="HandleFace" value="Bottom"/>
			<property name="ImposterExchange" value="imposterQuarter" param1="154"/>
			<property name="IsTerrainDecoration" value="true"/>
			<property name="LootList" value="375"/>
			<property name="CreativeMode" value="None"/>
			<drop event="Destroy" name="resourceWood" count="1,3"/>
			<drop event="Fall" name="terrDestroyedWoodDebris" count="1" prob="0.75" stick_chance="1"/>
			<property name="FilterTags" value="floot"/>
		</block>		
	</append>
</configs>