<configs>
	<append xpath="/item_modifiers/item_modifier[@name='modGunSoundSuppressorSilencer']">
    <item_property_overrides name="questitem_toc_pav_rifle_name">
			<property name="Sound_start" value="sniperrifle_s_fire"/>
			<property name="Sound_loop" value="sniperrifle_s_fire"/>
			<property name="BarrelOffset" value="0,-.02,.2182"/>
			<property name="BarrelScale" value=".88,.88,.88"/>
    </item_property_overrides>
  </append>
  
  
  <append xpath="/item_modifiers/item_modifier[@name='modGunLaserSight']">
    <item_property_overrides name="questitem_toc_pav_rifle_name">
			<property name="SideOffset" value="0,.003,.1674"/>
			<property name="SideScale" value="1,1,1"/>
    </item_property_overrides>
  </append>
  
  
  <append xpath="/item_modifiers/item_modifier[@name='modGunFlashlight']">
    <item_property_overrides name="questitem_toc_pav_rifle_name">
			<property name="SideOffset" value="0,-.0025,.175"/>
			<property name="SideScale" value="1.12,1.12,1.12"/>
    </item_property_overrides>
  </append>

  
  
  <append xpath="/item_modifiers/item_modifier[@name='modGunScopeSmall']">
    <item_property_overrides name="questitem_toc_pav_rifle_name">
			<property name="ScopeOffset" value="0,.0736,-.1497"/>
			<property name="ScopeScale" value=".9,.9,.9"/>
			<property name="ScopeCameraOffset" value="0,0,0"/>
    </item_property_overrides>
  </append>


  <append xpath="/item_modifiers/item_modifier[@name='modGunScopeMedium']">
    <item_property_overrides name="questitem_toc_pav_rifle_name">
			<property name="ScopeOffset" value="-.0018,.07,-.10"/>
			<property name="ScopeScale" value="1.6,1.6,1.6"/>
			<property name="ScopeCameraOffset" value="0,0,0"/>
    </item_property_overrides>

  </append>


  <append xpath="/item_modifiers/item_modifier[@name='modGunScopeLarge']">
    <item_property_overrides name="questitem_toc_pav_rifle_name">
			<property name="ScopeOffset" value="0,0,0"/>
			<property name="ScopeScale" value="1,1,1"/>
			<property name="ScopeCameraOffset" value="0,0,0"/>
    </item_property_overrides>
  </append>
  
  
  <append xpath="/item_modifiers/item_modifier[@name='modGunReflexSight']">
    <item_property_overrides name="questitem_toc_pav_rifle_name">
			<property name="ScopeOffset" value="0,.073,-.13"/>
			<property name="ScopeScale" value=".7,.7,.7"/>
			<property name="ScopeCameraOffset" value="0,-.0147,.12"/>
    </item_property_overrides>
  </append>

</configs>
