<config>
  <!-- Only apply the Skillpoint option to the FIRST book in each series -->
  
  <!-- <item name="bookFiremansAlmanacHeat"> first book -->
  <append xpath="/items/item[contains(@name,'bookFiremansAlmanacHeat')]">
    <property class="Action1">
      <property name="Class" value="Quest"/>
      <property name="Delay" value="0"/>
      <property name="QuestGiven" value="quest_Skill_Point_Reward2"/>
    </property>
  </append>   
  
  <!-- <item name="bookNightStalkerStealthDamage"> first book -->
  <!-- <item name="bookLuckyLooterDukes"> first book -->
  <append xpath="/items/item[contains(@name,'bookNightStalkerStealthDamage') or contains(@name,'bookLuckyLooterDukes')]">
    <property class="Action1">
      <property name="Class" value="Quest"/>
      <property name="Delay" value="0"/>
      <property name="QuestGiven" value="quest_Skill_Point_Reward2"/>
    </property>
  </append>   
  
  <!-- <item name="bookEnforcerDamage"> first book -->
  <!-- <item name="bookBatterUpBigHits"> first book -->
  <append xpath="/items/item[contains(@name,'bookEnforcerDamage') or contains(@name,'bookBatterUpBigHits')]">
    <property class="Action1">
      <property name="Class" value="Quest"/>
      <property name="Delay" value="0"/>
      <property name="QuestGiven" value="quest_Skill_Point_Reward2"/>
    </property>
  </append>   
  
  <!-- <item name="bookGreatHeistSafes"> first book -->
  <!-- <item name="bookWasteTreasuresHoney"> first book -->
  <append xpath="/items/item[contains(@name,'bookGreatHeistSafes') or contains(@name,'bookWasteTreasuresHoney')]">
    <property class="Action1">
      <property name="Class" value="Quest"/>
      <property name="Delay" value="0"/>
      <property name="QuestGiven" value="quest_Skill_Point_Reward2"/>
    </property>
  </append>   
  
  <!-- <item name="bookNeedleAndThreadWinterWear"> first book -->
  <!-- <item name="bookHuntingJournalBears"> first book -->
  <append xpath="/items/item[contains(@name,'bookNeedleAndThreadWinterWear') or contains(@name,'bookHuntingJournalBears')]">
    <property class="Action1">
      <property name="Class" value="Quest"/>
      <property name="Delay" value="0"/>
      <property name="QuestGiven" value="quest_Skill_Point_Reward2"/>
    </property>
  </append>   
  
  <!-- <item name="bookArtOfMiningLuckyStrike"> first book -->
  <!-- <item name="bookRangersArrowRecovery"> first book -->
  <append xpath="/items/item[contains(@name,'bookArtOfMiningLuckyStrike') or contains(@name,'bookRangersArrowRecovery')]">
    <property class="Action1">
      <property name="Class" value="Quest"/>
      <property name="Delay" value="0"/>
      <property name="QuestGiven" value="quest_Skill_Point_Reward2"/>
    </property>
  </append>    
  
  <!-- <item name="bookPistolPeteTakeAim"> first book -->
  <!-- <item name="bookShotgunMessiahDamage"> first book -->
  <append xpath="/items/item[contains(@name,'bookPistolPeteTakeAim') or contains(@name,'bookShotgunMessiahDamage')]">
    <property class="Action1">
      <property name="Class" value="Quest"/>
      <property name="Delay" value="0"/>
      <property name="QuestGiven" value="quest_Skill_Point_Reward2"/>
    </property>
  </append>  
  
  <!-- <item name="bookSniperDamage"> first book -->
  <!-- <item name="bookAutoWeaponsDamage"> first book vol 1 -->
  <append xpath="/items/item[contains(@name,'bookSniperDamage') or contains(@name,'bookAutoWeaponsDamage')]">
    <property class="Action1">
      <property name="Class" value="Quest"/>
      <property name="Delay" value="0"/>
      <property name="QuestGiven" value="quest_Skill_Point_Reward2"/>
    </property>
  </append>
  
  <!-- <item name="bookAutoWeaponsMachineGuns"> -->
  <!-- <item name="bookUrbanCombatLanding"> first book -->
  <append xpath="/items/item[contains(@name,'bookUrbanCombatLanding') or contains(@name,'bookAutoWeaponsMachineGuns')]">
    <property class="Action1">
      <property name="Class" value="Quest"/>
      <property name="Delay" value="0"/>
      <property name="QuestGiven" value="quest_Skill_Point_Reward2"/>
    </property>
  </append>

  <!-- <item name="bookTechJunkie1Damage"> first book -->
  <!-- <item name="bookBarBrawling1BasicMoves"> first book -->
  <!-- <item name="bookSpearHunter1Damage"> first book -->
  <append xpath="/items/item[starts-with(@name,'book') and contains(@name,'1')]">
    <property class="Action1">
      <property name="Class" value="Quest"/>
      <property name="Delay" value="0"/>
      <property name="QuestGiven" value="quest_Skill_Point_Reward2"/>
    </property>
  </append>
</config>
